administrative,administrative_duration,informational,informational_duration,product_related,product_related_duration,bounce_rates,exit_rates,page_values,special_day,month,operating_systems,browser,region,traffic_type,visitor_type,weekend,revenue
3,142.5,0,0.0,48,1052.255952,0.004347826,0.013043478,0.0,0.0,7,1,8,6,11,2,0,0
6,437.3913043,2,235.55,83,2503.881781,0.002197802,0.004916136,2.086218493,0.0,5,2,2,3,2,2,0,1
1,41.125,0,0.0,126,4310.004668,0.000687831,0.012822843,3.451072113,0.0,7,2,2,2,2,2,0,0
2,141.0,0,0.0,10,606.6666667,0.008333333,0.026388889,36.672294,0.0,0,2,5,7,4,2,0,0
18,608.14,6,733.8,168,4948.398759,0.006631763,0.013527508,10.15064372,0.0,0,2,2,3,1,2,1,0
1,22.0,0,0.0,9,415.25,0.033333333,0.048148148,0.0,0.0,5,3,3,1,1,2,0,0
0,0.0,0,0.0,14,186.9333333,0.042857143,0.071428571,0.0,0.0,6,2,2,3,4,2,0,0
0,0.0,0,0.0,12,198.0,0.016666667,0.075,0.0,0.0,5,2,2,3,2,2,0,0
8,149.5,0,0.0,55,2598.991667,0.003278689,0.008196721,48.72995628,0.0,6,2,4,8,2,2,1,0
6,140.3333333,0,0.0,9,88.95,0.0,0.004761905,0.0,0.0,6,3,2,2,3,0,0,0
0,0.0,0,0.0,29,631.775,0.021428571,0.05042517,0.0,0.0,7,2,2,1,1,2,0,0
4,101.75,2,65.5,37,1307.472222,0.011149826,0.027235772,0.0,0.0,7,3,2,3,2,2,0,0
0,0.0,0,0.0,6,223.3333333,0.0,0.008333333,0.0,0.0,6,2,2,1,2,2,0,0
2,54.5,0,0.0,5,66.5,0.0,0.028571429,0.0,0.0,1,8,13,9,20,1,0,0
0,0.0,0,0.0,3,222.0,0.133333333,0.133333333,0.0,0.0,6,1,1,3,3,2,0,0
0,0.0,0,0.0,17,559.75,0.011764706,0.019607843,0.0,0.0,7,1,1,3,3,2,0,0
0,0.0,0,0.0,1,11.0,0.0,0.1,0.0,0.0,1,2,2,1,10,1,0,0
0,0.0,0,0.0,9,190.3333333,0.0,0.033333333,0.0,0.0,1,1,1,3,2,0,0,0
4,75.1,0,0.0,7,102.7,0.0,0.011111111,0.0,0.0,9,2,4,6,2,2,0,1
2,20.0,0,0.0,66,3391.68588,0.028955224,0.038335618,0.0,0.0,1,3,2,8,1,2,0,0
1,12.0,0,0.0,18,691.5,0.0,0.005,0.0,0.0,6,2,4,4,2,2,0,0
0,0.0,0,0.0,50,2549.534524,0.012244898,0.036530612,0.0,0.0,7,1,2,2,2,2,0,0
3,106.5,2,49.5,29,1433.634921,0.008064516,0.018932412,0.0,0.0,7,3,2,4,2,2,1,0
8,217.0,2,281.5,5,236.1666667,0.0,0.014285714,0.0,0.0,6,2,2,3,2,2,0,0
0,0.0,0,0.0,13,221.5,0.0,0.020512821,0.0,0.0,7,2,2,1,2,0,0,0
5,79.1,0,0.0,36,1081.108333,0.025,0.025972222,0.0,0.0,9,1,2,2,2,2,1,0
0,0.0,0,0.0,43,898.2388889,0.007317073,0.031707317,8.898618695,0.0,7,2,4,1,10,2,0,1
0,0.0,0,0.0,13,392.0,0.0,0.026923077,0.0,0.6,6,3,2,1,13,2,0,0
0,0.0,0,0.0,47,3650.316667,0.0,0.003333333,97.19657367,0.0,7,2,2,1,10,2,0,1
0,0.0,0,0.0,20,2280.833333,0.01,0.038333333,0.0,0.0,6,1,1,1,4,2,0,0
0,0.0,0,0.0,4,0.0,0.2,0.2,0.0,0.2,6,3,2,1,13,2,0,0
16,284.85,0,0.0,276,4758.380638,0.001034483,0.007306262,27.43209507,0.0,6,4,1,3,1,2,1,1
9,250.0833333,2,30.5,155,4643.283732,0.002073171,0.007466851,10.11599409,0.0,7,2,2,1,3,2,0,1
4,178.0,2,209.0,17,2777.666667,0.0,0.009090909,0.0,0.0,5,3,2,7,1,2,0,0
0,0.0,0,0.0,6,116.5,0.0,0.066666667,0.0,0.0,5,2,2,2,3,2,1,0
0,0.0,0,0.0,75,1775.241667,0.001333333,0.019428571,0.0,0.0,7,2,6,5,3,2,1,0
4,85.0,0,0.0,19,599.0,0.015,0.035,0.0,0.0,6,2,2,1,2,2,0,0
2,126.75,0,0.0,22,2281.583333,0.02969697,0.043686869,0.0,0.0,1,3,2,2,3,2,0,0
2,123.0,0,0.0,6,178.3333333,0.0,0.023809524,0.0,0.0,6,3,2,1,1,2,1,0
5,193.0,1,13.0,66,2049.458471,0.004489796,0.012765306,29.45815149,0.0,5,3,2,3,1,2,1,0
0,0.0,0,0.0,1,0.0,0.2,0.2,0.0,0.0,6,3,2,7,3,2,0,0
0,0.0,3,146.0,23,1249.216667,0.015384615,0.029102564,15.33867021,0.0,0,3,2,3,4,2,0,0
2,63.5,0,0.0,9,99.06666667,0.036363636,0.072727273,0.0,0.0,8,1,1,1,4,2,0,0
8,364.5,0,0.0,26,783.5,0.007692308,0.013461538,0.0,0.0,6,1,2,4,15,2,1,0
0,0.0,0,0.0,2,254.0,0.0,0.1,0.0,0.0,5,3,2,4,1,2,0,0
5,30.0,1,4.0,107,4376.902655,0.007272727,0.021707552,0.0,0.0,8,2,2,2,4,2,0,0
2,45.5,0,0.0,9,122.25,0.0,0.018181818,0.0,0.0,1,2,2,7,2,0,0,0
13,913.5222222,3,141.88,29,1293.652222,0.002631579,0.020570175,1.483746347,0.0,0,2,2,4,2,2,1,0
0,0.0,0,0.0,20,1117.333333,0.0,0.000956938,0.0,0.0,5,2,4,7,2,2,0,0
4,115.7,0,0.0,16,655.3833333,0.0,0.012037037,0.0,0.0,7,1,1,2,3,2,0,0
4,128.125,4,134.5,93,2697.17535,0.006060606,0.019274564,0.0,0.0,7,2,2,3,2,2,1,0
3,33.6,0,0.0,4,109.5,0.0,0.013333333,0.0,0.0,8,3,2,1,2,0,0,0
4,76.0,0,0.0,39,1936.55,0.004761905,0.023809524,5.51397619,0.0,5,4,1,3,2,2,0,0
0,0.0,0,0.0,69,653.2777778,0.014705882,0.053431373,0.0,0.6,6,2,4,7,4,2,0,0
0,0.0,0,0.0,8,612.0,0.0,0.014285714,0.0,0.0,5,3,3,1,2,0,1,0
3,314.5,0,0.0,22,2837.166667,0.0,0.008333333,0.0,0.0,6,2,4,2,2,0,0,0
0,0.0,0,0.0,29,1137.166667,0.0,0.007142857,22.27457143,0.0,6,1,8,1,11,2,1,1
0,0.0,0,0.0,4,202.75,0.0,0.025,0.0,0.0,7,3,2,1,13,2,0,0
1,37.5,0,0.0,25,593.2916667,0.008333333,0.00375,0.0,0.0,1,1,1,1,1,2,1,0
0,0.0,0,0.0,7,220.3333333,0.0,0.01,0.0,0.0,6,2,2,1,5,0,0,0
3,36.0,2,763.0,9,163.5,0.0,0.014285714,0.0,0.0,1,8,2,1,2,0,0,1
3,7.0,1,25.16666667,21,446.0,0.019047619,0.031746032,32.38852793,0.0,7,2,2,1,1,2,0,0
5,68.5,2,34.25,385,14505.72725,0.007309999,0.013519938,0.0,0.0,7,3,2,3,3,2,0,0
0,0.0,0,0.0,8,186.5,0.0,0.025,0.0,0.0,5,2,2,3,3,2,1,0
0,0.0,0,0.0,1,0.0,0.2,0.2,0.0,0.0,4,2,2,1,1,2,0,0
0,0.0,0,0.0,43,3382.083333,0.0,0.011627907,0.0,0.0,6,2,2,1,2,2,0,0
2,227.6,0,0.0,115,5284.816825,0.0,0.002849003,0.0,0.0,8,2,2,4,4,2,0,0
11,157.3889922,3,338.4,46,1624.935625,0.005357143,0.021391443,0.0,0.0,7,3,2,3,3,2,0,0
16,445.35,0,0.0,103,2091.037588,0.007894737,0.028165804,7.224419132,0.0,8,3,2,1,2,2,1,0
0,0.0,0,0.0,42,2058.25,0.021138211,0.051219512,0.0,0.2,6,2,10,7,1,2,0,0
0,0.0,0,0.0,5,720.5,0.16,0.18,0.0,0.0,7,3,2,2,13,2,0,0
0,0.0,0,0.0,4,35.33333333,0.05,0.1,0.0,0.0,4,1,1,1,2,2,1,0
0,0.0,0,0.0,5,89.5,0.04,0.053333333,0.0,0.0,1,1,1,3,2,2,1,0
2,66.0,1,0.0,10,302.0,0.042857143,0.05952381,19.53495497,0.0,5,2,6,3,2,2,0,1
0,0.0,0,0.0,1,0.0,0.2,0.2,0.0,0.0,7,2,4,1,3,2,0,0
0,0.0,0,0.0,4,14.2,0.1,0.15,0.0,0.0,8,1,1,1,1,2,1,0
1,6.0,0,0.0,29,354.8333333,0.0,0.010344828,0.0,0.0,6,1,1,1,1,2,1,0
5,140.8,4,254.75,61,1740.052778,0.007179487,0.023796204,14.62413644,0.0,7,2,2,2,2,2,1,0
0,0.0,0,0.0,47,1423.0,0.004347826,0.013768116,0.0,0.0,9,2,2,7,1,2,0,0
0,0.0,0,0.0,2,180.1470588,0.033333333,0.055555556,0.0,0.0,7,6,2,3,8,2,0,0
0,0.0,0,0.0,26,810.3713768,0.019230769,0.02530525,0.0,0.8,6,3,2,3,1,2,0,0
1,6.0,0,0.0,15,293.0,0.021428571,0.026190476,0.0,0.0,7,2,2,7,1,2,0,0
0,0.0,0,0.0,6,316.25,0.0,0.033333333,0.0,0.0,1,3,13,9,20,2,0,0
0,0.0,0,0.0,6,106.5,0.0,0.033333333,0.0,0.0,6,1,1,1,3,2,0,0
0,0.0,0,0.0,7,1010.166667,0.028571429,0.095238095,0.0,0.0,6,2,2,1,3,2,0,0
2,386.0,1,25.0,31,2725.0,0.010909091,0.017482517,0.0,0.0,6,2,6,2,5,2,1,0
0,0.0,0,0.0,37,356.1666667,0.002702703,0.012162162,0.0,0.4,6,2,2,1,2,2,0,0
9,64.5,3,99.6,33,768.4133333,0.004878049,0.013617886,41.34613116,0.0,9,2,2,4,2,2,0,0
19,230.3948365,3,48.3,111,3276.190541,0.0088,0.011027644,0.447038663,0.0,3,1,1,3,3,2,0,0
3,308.0,0,0.0,54,1306.151974,0.003508772,0.012962963,0.0,0.0,5,2,2,4,1,2,0,0
3,35.4,0,0.0,38,937.8075758,0.01025641,0.039316239,0.0,0.0,3,3,2,1,1,2,0,0
2,49.4,2,7.0,4,53.2,0.028571429,0.042857143,0.0,0.0,7,3,2,1,2,2,0,0
9,146.25,0,0.0,25,575.0,0.006666667,0.019666667,0.0,0.0,6,3,2,3,4,2,1,0
0,0.0,0,0.0,41,647.8166667,0.0125,0.026666667,0.0,0.4,6,2,2,6,1,2,0,0
0,0.0,0,0.0,29,1721.125,0.042528736,0.071264368,0.0,0.6,6,3,2,2,13,2,0,0
7,48.5,0,0.0,9,116.6666667,0.0,0.006666667,0.0,0.4,6,2,2,1,1,2,0,0
0,0.0,0,0.0,4,52.3,0.0,0.1,0.0,0.0,0,2,2,6,5,2,0,0
4,82.0,0,0.0,23,570.5166667,0.007407407,0.024074074,0.0,0.0,5,1,2,7,8,2,0,0
12,637.9388889,0,0.0,61,1797.298291,0.025147059,0.029877803,0.0,0.0,6,3,2,1,1,2,0,0
2,57.5,0,0.0,10,677.5,0.047619048,0.070138889,0.0,0.0,6,3,2,2,13,2,0,0
2,80.0,6,141.75,47,3573.472222,0.003773585,0.012006861,34.85660705,0.0,1,2,2,3,1,2,0,0
0,0.0,0,0.0,25,686.5,0.016,0.032,0.0,0.0,1,2,2,7,1,2,1,0
7,134.0,2,196.0,11,438.5833333,0.0125,0.032291667,0.0,0.0,6,2,5,1,2,2,0,0
2,47.0,0,0.0,42,1528.382468,0.0,0.004761905,17.69657143,1.0,6,1,1,1,4,0,1,1
0,0.0,0,0.0,6,122.5,0.011111111,0.077777778,0.0,0.2,6,2,6,6,4,2,0,0
0,0.0,0,0.0,59,3033.689449,0.00756193,0.015479685,0.0,0.0,7,1,2,3,2,2,0,0
0,0.0,0,0.0,68,3177.791667,0.005970149,0.011488014,0.0,0.0,6,2,4,4,4,2,0,0
0,0.0,0,0.0,24,308.8635531,0.0,0.028030303,0.0,0.0,5,2,6,2,2,2,0,0
0,0.0,0,0.0,12,202.0,0.0,0.041666667,0.0,0.0,6,2,2,7,14,2,0,0
0,0.0,0,0.0,5,143.0,0.0,0.04,0.0,0.0,5,2,4,1,1,2,0,0
1,5.5,0,0.0,103,2429.279762,0.034951923,0.044360501,0.0,0.0,7,3,2,1,13,2,0,0
9,387.75,0,0.0,64,980.5021994,0.000866739,0.012798697,9.581561053,0.0,7,3,2,3,1,2,0,1
9,156.6071429,5,156.75,83,2694.507143,0.0,0.009090909,0.0,0.0,7,2,4,1,2,2,0,1
7,169.5,0,0.0,50,1557.916667,0.003773585,0.013207547,0.0,0.0,1,1,1,3,2,2,0,0
0,0.0,0,0.0,17,766.5,0.0,0.0125,61.9395,0.0,5,2,2,1,2,0,1,1
4,48.0,0,0.0,2,11.0,0.0,0.008,0.0,0.0,5,2,6,6,7,0,0,0
8,567.3571429,1,122.0,41,2504.699567,0.0,0.013075397,6.211094697,0.0,6,2,2,1,2,2,0,0
1,51.5,0,0.0,12,549.25,0.0,0.015384615,0.0,0.0,1,2,2,2,2,0,0,0
1,20.0,0,0.0,21,442.0,0.008695652,0.020289855,42.28127491,0.0,7,2,2,1,13,2,0,0
3,138.0,2,1005.0,62,2450.435809,0.003125,0.012783365,0.0,0.0,6,2,2,4,4,2,1,0
1,0.0,0,0.0,50,1009.430952,0.006,0.017238095,4.803305732,0.0,7,1,1,1,10,2,1,1
0,0.0,0,0.0,3,255.0,0.0,0.066666667,0.0,0.0,7,2,5,8,3,2,1,0
0,0.0,0,0.0,6,110.0,0.011111111,0.058333333,0.0,0.0,6,2,2,4,2,2,0,0
0,0.0,0,0.0,3,27.2,0.133333333,0.133333333,0.0,0.0,8,3,2,4,1,2,0,0
3,58.33333333,0,0.0,9,229.6666667,0.033333333,0.041666667,0.0,0.0,6,1,8,3,1,2,1,0
0,0.0,1,125.0,12,332.0,0.0,0.023076923,0.0,0.0,6,2,2,4,4,2,0,0
0,0.0,0,0.0,31,835.2380952,0.0,0.009811828,0.0,0.0,1,2,2,1,10,2,0,0
8,167.9107143,6,547.75,111,6340.152381,0.003361345,0.009431773,44.21979406,0.0,1,3,2,6,2,2,0,0
2,36.75,2,9.0,20,393.5833333,0.008333333,0.033872603,0.0,0.0,7,1,1,3,6,2,0,0
7,340.6111111,2,129.0,57,4516.588312,0.005,0.015180847,8.052616667,0.0,6,2,2,1,2,2,0,0
4,28.73333333,0,0.0,12,243.75,0.0,0.038571429,8.150811238,0.0,4,3,2,4,2,2,1,1
0,0.0,0,0.0,5,0.0,0.2,0.2,0.0,0.0,3,3,2,2,13,2,1,0
8,822.6666667,3,225.3333333,45,1896.966667,0.011764706,0.02745098,7.521155028,0.0,1,1,1,3,1,2,0,0
0,0.0,0,0.0,10,724.0,0.0,0.022222222,97.98,0.0,6,1,1,4,2,0,1,1
5,74.75,0,0.0,14,512.5,0.0,0.023529412,0.0,0.0,1,2,7,7,8,0,1,0
3,67.0,0,0.0,5,141.2,0.0,0.008333333,0.0,0.0,8,3,2,7,1,0,0,0
0,0.0,0,0.0,12,304.75,0.0,0.025,0.0,0.8,6,1,2,3,4,2,0,0
1,29.2,0,0.0,0,0.0,0.0,0.066666667,0.0,0.0,7,1,1,4,2,2,1,1
6,57.5,0,0.0,66,1285.548533,0.004109589,0.018513906,20.97239726,0.0,6,2,2,1,6,2,0,1
0,0.0,0,0.0,6,134.0,0.066666667,0.094444444,0.0,0.0,6,1,1,1,3,2,0,0
0,0.0,0,0.0,16,280.5,0.0,0.0125,0.0,0.0,6,4,1,1,3,2,0,0
4,106.0,0,0.0,6,180.4166667,0.0,0.025,0.0,0.0,7,3,6,3,2,0,0,0
6,71.5,1,37.0,15,287.2916667,0.0,0.001234568,0.0,0.0,6,1,1,3,2,2,0,0
0,0.0,0,0.0,6,185.0,0.0,0.1,0.0,0.0,5,1,1,1,10,2,0,0
0,0.0,0,0.0,1,0.0,0.2,0.2,0.0,0.0,5,1,1,1,1,2,1,0
0,0.0,1,100.0,19,1645.679762,0.002222222,0.02962963,0.0,0.0,1,2,5,6,1,2,0,0
0,0.0,0,0.0,4,214.3333333,0.0,0.05,0.0,0.0,7,1,1,9,3,2,0,0
6,360.9166667,4,114.2,17,806.65,0.01,0.015,0.0,0.0,4,2,10,3,5,0,1,0
2,102.5,3,60.0,22,1034.975,0.0,0.014,16.14384,0.0,5,1,1,4,2,2,0,1
3,61.0,0,0.0,79,2819.966667,0.006097561,0.024390244,0.0,0.0,6,2,2,1,13,2,0,0
3,66.33333333,0,0.0,12,368.68,0.04,0.084444444,21.24191985,0.0,7,2,2,1,2,2,0,1
6,101.625,0,0.0,140,7097.582291,0.003448276,0.009952433,21.88856759,0.0,7,2,2,3,13,2,0,1
1,3.0,0,0.0,11,549.3333333,0.0,0.005,0.0,0.0,6,4,2,1,3,2,0,0
0,0.0,0,0.0,10,80.5,0.083333333,0.092222222,0.0,0.0,1,2,2,1,3,2,0,0
1,4.0,1,12.0,16,1012.964286,0.011764706,0.023529412,0.0,0.0,1,2,2,7,10,2,0,0
9,188.5322344,3,197.4166667,76,1758.912393,0.004901961,0.016913178,22.86584543,0.0,1,3,2,2,6,2,0,0
4,140.475,1,0.0,48,1252.561414,0.014038462,0.024738632,0.0,0.0,7,3,2,1,2,2,1,0
0,0.0,0,0.0,13,436.0,0.030769231,0.079487179,0.0,0.6,6,1,1,4,2,2,0,0
0,0.0,0,0.0,40,2426.266667,0.004878049,0.02296748,0.0,0.0,7,2,2,2,11,2,0,0
0,0.0,0,0.0,19,465.6333333,0.0,0.026315789,0.0,0.0,7,1,1,1,2,0,1,0
0,0.0,0,0.0,50,1369.75,0.020408163,0.043307169,3.241653061,0.6,6,2,2,1,2,2,0,0
1,32.0,0,0.0,50,2867.0,0.0,0.004,153.4432478,0.0,5,2,2,7,8,2,1,1
4,364.3333333,2,19.0,85,3642.066026,0.007777778,0.029549858,5.052145956,0.0,7,2,2,1,1,2,0,0
0,0.0,0,0.0,12,136.5,0.016666667,0.033333333,0.0,0.0,6,2,2,3,3,2,0,0
6,113.0,0,0.0,18,359.4,0.008333333,0.05,0.0,0.0,9,2,2,3,1,2,0,0
2,128.5,0,0.0,7,209.0,0.027777778,0.053439153,0.0,0.0,7,3,2,3,2,2,0,0
1,412.0,0,0.0,54,2377.0,0.0,0.005090909,0.0,0.0,5,2,2,9,10,2,0,0
0,0.0,0,0.0,3,61.75,0.0,0.066666667,0.0,0.0,7,2,10,1,3,2,0,0
0,0.0,0,0.0,8,316.1333333,0.0,0.05,0.0,0.0,4,2,2,3,13,2,0,0
0,0.0,0,0.0,1,0.0,0.2,0.2,0.0,0.0,6,3,2,9,3,2,0,0
0,0.0,0,0.0,53,5504.695238,0.011538462,0.031446886,12.32661404,0.0,7,2,2,1,1,2,0,1
0,0.0,0,0.0,1,0.0,0.2,0.2,0.0,0.0,5,2,2,4,11,2,0,0
0,0.0,0,0.0,3,57.0,0.0,0.066666667,0.0,0.2,6,2,5,1,2,2,0,0
0,0.0,0,0.0,1,0.0,0.2,0.2,0.0,0.0,6,1,1,4,3,2,0,0
0,0.0,0,0.0,14,263.175,0.0,0.021428571,0.0,0.0,7,5,11,1,8,2,0,0
0,0.0,3,33.75,9,313.9285714,0.033333333,0.027777778,0.0,0.0,1,3,2,2,10,2,0,0
0,0.0,0,0.0,6,158.1666667,0.0,0.033333333,0.0,0.0,2,3,2,4,2,2,0,0
0,0.0,0,0.0,2,31.2,0.0,0.1,0.0,0.0,0,3,2,1,3,2,0,0
0,0.0,0,0.0,15,1069.7,0.0,0.046666667,0.0,0.0,3,3,2,6,1,2,0,0
0,0.0,0,0.0,16,355.5,0.0,0.014285714,11.13171429,0.0,6,3,2,1,3,0,0,1
0,0.0,0,0.0,2,37.0,0.0,0.1,0.0,0.8,2,2,2,2,3,2,0,0
0,0.0,0,0.0,1,27.2,0.0,0.0,58.37208988,0.0,7,2,2,4,20,2,0,1
0,0.0,0,0.0,10,345.25,0.02,0.04,0.0,0.0,6,2,4,3,3,2,0,0
4,302.5,0,0.0,15,257.1666667,0.05,0.04875,0.0,0.0,1,3,2,7,3,2,0,0
5,97.0,0,0.0,53,3372.748214,0.003773585,0.002515723,0.0,0.0,1,2,2,7,2,2,0,0
3,77.0,5,243.0,127,2573.875,0.00025641,0.009196581,0.0,0.0,6,2,2,4,3,2,0,0
0,0.0,0,0.0,14,561.6666667,0.0,0.025,0.0,0.0,1,2,2,9,10,2,0,0
9,320.2708333,2,298.3333333,51,1788.370821,0.016969697,0.014709835,8.21617792,0.0,7,3,2,3,2,2,1,1
12,672.0952381,2,86.0,23,237.0952381,0.0,0.010344828,0.0,0.0,6,1,1,2,6,2,0,0
0,0.0,0,0.0,21,173.0,0.00952381,0.023809524,0.0,0.0,1,1,2,3,3,2,0,0
0,0.0,0,0.0,68,746.8,0.002941176,0.011470588,0.0,0.0,6,2,2,1,13,2,0,0
1,4.0,3,148.5,5,185.8333333,0.0,0.01875,0.0,0.0,5,2,2,7,2,2,0,0
5,96.625,0,0.0,27,1883.725,0.0,0.019047619,0.0,0.0,7,2,2,9,13,2,0,0
3,75.6,0,0.0,14,178.59,0.0125,0.00625,0.0,0.0,0,3,2,1,4,2,1,0
2,35.5,0,0.0,29,3296.65,0.009677419,0.021935484,18.25059634,0.0,1,4,2,9,8,2,0,0
0,0.0,0,0.0,1,0.0,0.2,0.2,0.0,0.0,1,2,13,9,20,2,0,0
7,114.2,0,0.0,26,360.1816667,0.0,0.008800253,0.0,0.0,7,1,1,1,2,2,0,0
0,0.0,2,74.0,6,83.5,0.0,0.058333333,0.0,0.4,6,2,2,1,2,2,0,0
2,74.0,0,0.0,30,1708.083333,0.006666667,0.013333333,16.1892,0.0,6,2,2,7,1,2,1,1
4,93.5,0,0.0,293,12268.24477,0.002837838,0.01542982,2.164809711,0.0,7,2,2,1,2,2,0,1
8,117.5,0,0.0,17,545.5,0.0,0.019047619,0.0,0.0,6,2,2,1,13,2,0,0
0,0.0,0,0.0,16,644.2,0.004166667,0.031666667,0.0,0.0,2,3,2,3,4,2,0,0
7,105.75,0,0.0,124,3394.130159,0.001587302,0.012918871,5.921482086,0.0,6,2,2,3,11,2,1,0
0,0.0,0,0.0,32,1324.666667,0.056666667,0.09047619,10.3976,1.0,6,2,2,7,1,2,1,0
0,0.0,0,0.0,38,3287.0,0.036842105,0.075814536,0.0,0.0,4,2,5,1,1,2,0,0
9,81.0,0,0.0,34,1219.113725,0.007017544,0.022556391,9.517421053,0.0,5,3,2,3,1,2,0,1
8,260.2083333,0,0.0,58,1436.690476,0.0,0.008231293,12.80819078,0.0,1,2,2,2,1,2,1,0
7,41.375,0,0.0,67,3014.290476,0.001917808,0.00781583,4.18760274,0.8,6,3,2,3,3,2,0,0
0,0.0,0,0.0,7,116.5,0.028571429,0.057142857,0.0,0.0,6,1,1,3,3,2,1,0
0,0.0,0,0.0,9,267.75,0.0,0.022222222,0.0,0.0,1,3,2,8,2,0,1,0
0,0.0,0,0.0,40,3675.5,0.0,0.016666667,0.0,0.0,7,2,2,8,10,2,0,0
0,0.0,0,0.0,3,75.0,0.0,0.066666667,0.0,0.0,5,2,5,1,3,2,1,0
2,152.2,0,0.0,28,494.88,0.0,0.013793103,0.0,0.0,9,1,8,7,1,0,0,0
9,146.0,0,0.0,49,1592.133333,0.003636364,0.02,3.490036364,0.0,6,2,2,3,4,2,1,0
0,0.0,0,0.0,62,2787.678571,0.003225806,0.015591398,57.48364657,0.0,7,4,2,1,1,2,1,0
4,54.8,0,0.0,3,20.25714286,0.0,0.028571429,0.0,0.0,0,1,1,3,2,2,0,0
14,515.9821429,0,0.0,170,7128.75377,0.003370787,0.016081238,4.470297685,0.0,7,2,2,7,1,2,1,1
5,173.5416667,5,109.75,38,1859.382937,0.004545455,0.009090909,0.0,0.0,1,3,2,8,10,2,1,0
9,174.2083333,2,383.75,151,9018.123741,0.012820513,0.02459296,0.0,0.0,7,1,2,1,1,2,1,0
0,0.0,0,0.0,4,98.25,0.0,0.025,0.0,0.0,7,2,4,3,10,2,0,0
0,0.0,0,0.0,33,889.72,0.012121212,0.044444444,0.0,0.0,7,2,2,3,1,2,0,0
0,0.0,1,113.0,27,3178.583333,0.025,0.04047619,0.0,0.0,6,2,2,1,3,2,0,0
8,1040.25,0,0.0,207,5160.451362,0.002296651,0.013407291,0.0,0.0,7,2,2,1,2,2,0,0
0,0.0,0,0.0,64,4492.311111,0.004761905,0.022705971,0.0,0.0,7,2,2,3,2,2,0,1
5,169.0,0,0.0,3,50.0,0.0,0.033333333,0.0,0.0,5,1,1,1,9,0,0,0
2,8.5,0,0.0,3,25.5,0.0,0.028571429,0.0,0.0,6,2,2,5,4,2,0,0
0,0.0,0,0.0,1,0.0,0.2,0.2,0.0,0.0,1,2,2,1,13,0,0,0
10,236.0795455,2,5.0,107,2589.881537,0.010601564,0.019627539,0.0,0.0,1,3,2,4,2,2,0,0
0,0.0,0,0.0,2,12.0,0.0,0.1,0.0,0.0,6,1,1,1,3,2,1,0
1,9.0,0,0.0,15,688.1833333,0.0,0.011904762,43.03066045,0.0,1,1,1,3,2,0,0,1
0,0.0,2,40.0,152,5617.092505,0.003594771,0.02743431,0.0,0.0,7,2,2,4,2,2,0,0
0,0.0,0,0.0,17,315.0,0.004166667,0.020625,0.0,0.2,6,2,2,3,4,2,0,0
2,127.0,0,0.0,19,1431.666667,0.0,0.01,0.0,0.2,6,2,2,4,2,2,0,0
0,0.0,0,0.0,53,661.4455285,0.000754717,0.006528045,0.0,0.0,7,3,2,1,11,2,1,0
5,188.0,0,0.0,25,1189.458333,0.0,0.006150794,36.89921429,0.6,6,2,10,1,4,2,0,1
2,341.6,0,0.0,7,177.9,0.047619048,0.062857143,0.0,0.0,0,3,2,1,1,2,0,0
2,36.2,3,52.0,4,48.0,0.057142857,0.057142857,0.0,0.0,3,1,1,1,4,2,1,0
0,0.0,0,0.0,30,1224.75,0.0,0.007142857,21.04864167,0.0,5,2,4,2,2,0,0,1
2,33.5,0,0.0,8,556.0,0.0,0.015151515,0.0,0.0,1,2,2,1,2,0,1,0
1,95.33333333,0,0.0,16,819.3333333,0.0,0.015625,25.25564195,0.0,1,2,2,7,2,0,0,1
3,26.0,0,0.0,85,768.5,0.0,0.005813953,0.0,0.0,6,2,5,4,4,2,0,0
0,0.0,0,0.0,13,227.7,0.027777778,0.038888889,0.0,0.4,6,1,1,3,2,2,0,0
0,0.0,4,122.5,330,11208.35506,0.008042825,0.022913324,0.0,0.0,7,2,2,1,2,2,0,1
0,0.0,0,0.0,2,5.0,0.0,0.1,0.0,0.0,5,2,2,1,2,2,0,0
0,0.0,0,0.0,1,0.0,0.2,0.2,0.0,0.0,5,2,2,1,1,2,0,0
13,266.047619,9,985.4833333,179,11492.20838,0.020689931,0.028728531,0.0,0.0,4,1,1,1,3,2,0,0
0,0.0,0,0.0,1,0.0,0.2,0.2,0.0,0.0,0,3,2,1,13,2,0,0
0,0.0,0,0.0,12,363.0,0.016666667,0.047222222,0.0,0.0,7,4,1,4,2,2,0,0
3,132.92,4,212.8,36,1335.773333,0.014285714,0.034484127,11.11383981,0.0,7,2,7,2,2,2,0,0
0,0.0,0,0.0,40,1411.833333,0.0,0.001282051,0.0,0.0,6,3,2,8,6,2,0,0
0,0.0,0,0.0,16,1062.666667,0.0,0.0125,54.56704868,0.0,9,4,1,1,4,0,0,1
13,293.5785714,3,26.0,161,3457.628812,0.006140351,0.018923933,15.988034,0.0,7,2,5,7,2,2,1,1
1,142.5,1,48.5,9,733.25,0.0,0.018181818,0.0,0.0,1,1,1,8,2,0,1,0
3,179.0,0,0.0,15,432.75,0.0,0.011111111,0.0,0.0,1,2,2,1,2,0,0,0
5,115.0833333,0,0.0,3,50.25,0.0,0.014285714,0.0,0.0,7,3,2,4,2,0,0,0
0,0.0,0,0.0,37,581.0833333,0.005555556,0.026851852,0.0,0.0,7,2,2,2,10,2,1,0
0,0.0,0,0.0,10,270.0,0.0,0.004,0.0,0.0,5,2,2,1,2,2,0,0
0,0.0,0,0.0,6,835.8333333,0.033333333,0.066666667,0.0,0.0,5,1,1,1,1,2,0,0
4,132.0,0,0.0,85,2299.391667,0.003065134,0.013546798,0.0,0.0,6,2,2,2,3,2,0,0
0,0.0,0,0.0,5,50.5,0.0,0.04,0.0,0.0,5,2,2,1,1,2,1,0
0,0.0,0,0.0,12,272.6666667,0.0,0.009090909,0.0,0.0,6,3,2,1,4,0,0,0
1,23.2,0,0.0,27,1061.55,0.003703704,0.018518519,43.29821166,0.0,0,2,2,6,5,2,0,1
0,0.0,0,0.0,10,183.6666667,0.04,0.08,0.0,0.0,2,1,1,3,1,2,0,0
4,84.0,0,0.0,35,1059.0,0.0,0.005882353,0.0,0.0,5,2,2,3,2,0,0,0
0,0.0,0,0.0,19,380.9464286,0.0,0.013947368,0.0,0.0,7,3,2,4,2,2,0,1
0,0.0,0,0.0,1,0.0,0.2,0.2,0.0,0.0,1,3,2,3,1,2,1,0
0,0.0,0,0.0,7,354.5,0.028571429,0.04,0.0,0.0,7,2,2,4,8,2,0,0
9,1104.2,0,0.0,36,1826.441667,0.007317073,0.012601626,0.0,0.0,8,1,1,3,2,2,1,0
5,172.0833333,0,0.0,21,486.1472222,0.0,0.0105,48.0136549,0.0,7,2,2,4,1,2,0,1
0,0.0,0,0.0,6,415.0,0.0,0.033333333,0.0,0.4,2,1,1,3,2,2,0,0
3,96.0,0,0.0,11,565.0,0.0,0.011111111,0.0,0.0,6,3,2,6,14,0,1,0
0,0.0,0,0.0,4,82.5,0.0,0.05,0.0,0.0,5,3,2,1,3,2,0,0
0,0.0,0,0.0,0,0.0,0.2,0.2,0.0,0.0,7,1,1,8,8,2,0,0
13,210.427451,9,435.45,154,6515.45431,0.00867052,0.017328726,2.982410939,0.0,7,3,2,1,2,2,0,1
0,0.0,0,0.0,5,75.0,0.04,0.08,0.0,0.0,1,3,2,7,1,2,0,0
5,91.31666667,0,0.0,29,1352.976722,0.01125,0.024522672,7.91345877,0.0,7,1,1,6,1,2,0,0
0,0.0,0,0.0,8,321.0,0.0,0.05,0.0,0.2,6,2,2,3,4,2,0,0
0,0.0,1,14.0,119,2763.011332,0.005367232,0.007566642,0.0,0.0,7,3,2,3,13,2,1,0
0,0.0,0,0.0,1,0.0,0.2,0.2,0.0,0.0,6,1,1,1,20,2,0,0
0,0.0,0,0.0,16,480.3,0.0125,0.033333333,0.0,0.0,6,1,1,4,4,2,1,0
5,248.5,0,0.0,11,456.6666667,0.0,0.003571429,0.0,0.0,5,3,2,4,2,0,0,0
5,28.58333333,0,0.0,45,649.8632035,0.006122449,0.02755102,0.0,0.0,3,3,2,6,5,2,0,0
0,0.0,0,0.0,1,0.0,0.2,0.2,0.0,0.0,1,1,1,2,3,2,0,0
0,0.0,0,0.0,1,0.0,0.2,0.2,0.0,0.0,6,2,2,4,1,2,0,0
0,0.0,0,0.0,1,0.0,0.2,0.2,0.0,0.0,6,1,1,3,15,2,0,0
0,0.0,0,0.0,5,47.5,0.08,0.12,0.0,0.0,1,2,2,1,3,2,0,0
3,199.75,0,0.0,8,331.4,0.0,0.003333333,0.0,0.0,5,3,2,2,10,0,0,0
6,561.0,0,0.0,29,1816.427273,0.011458333,0.020880682,0.0,0.0,6,3,2,5,13,2,0,0
0,0.0,0,0.0,10,190.0,0.0,0.04,0.0,0.0,1,2,6,7,20,2,0,0
8,293.0,0,0.0,12,399.0666667,0.003030303,0.010606061,37.86167396,0.0,7,4,1,3,3,2,0,1
1,57.5,0,0.0,32,534.2638889,0.0,0.011111111,87.74978701,0.0,1,1,2,1,8,2,1,1
0,0.0,0,0.0,32,2479.342857,0.0,0.010967742,0.0,0.0,7,2,2,3,7,2,0,0
1,69.0,1,4.0,17,319.0,0.0,0.010526316,0.0,0.0,6,2,2,9,2,2,1,0
0,0.0,0,0.0,6,231.8,0.066666667,0.066666667,0.0,0.0,8,2,5,3,2,2,0,0
0,0.0,0,0.0,27,799.375,0.007407407,0.027601411,0.0,0.0,1,3,2,2,1,2,1,0
5,91.83333333,0,0.0,32,1480.666667,0.0,0.006857143,0.0,0.0,5,1,1,1,3,2,1,0
3,555.5,0,0.0,58,2034.261905,0.00862069,0.035172414,0.0,0.0,7,2,2,1,1,2,0,1
6,189.25,0,0.0,25,635.4916667,0.006666667,0.010222222,10.58098677,0.0,7,3,2,3,8,2,1,1
0,0.0,0,0.0,3,15.2,0.066666667,0.133333333,0.0,0.0,0,2,4,1,1,2,1,0
0,0.0,0,0.0,6,4.0,0.142857143,0.157142857,0.0,0.6,6,3,2,1,13,2,0,0
0,0.0,0,0.0,6,132.0,0.0,0.033333333,0.0,0.0,6,4,1,3,5,0,0,0
1,0.0,0,0.0,9,219.0,0.03030303,0.066666667,22.89636364,0.0,6,2,2,1,1,2,0,1
1,8.0,0,0.0,28,643.875,0.0,0.003571429,0.0,0.6,6,2,4,1,2,0,0,0
1,32.33333333,1,56.0,62,2414.9,0.0,0.002222222,30.4615873,0.0,6,2,2,9,2,2,0,1
3,45.5,0,0.0,43,1738.25,0.006349206,0.03537415,0.0,0.0,6,2,5,7,3,2,0,0
0,0.0,1,8.0,21,936.6428571,0.004545455,0.008987603,0.0,0.0,7,1,1,3,2,2,1,0
0,0.0,0,0.0,9,250.2,0.022222222,0.033333333,0.0,0.0,4,2,2,4,1,2,0,0
5,400.0,0,0.0,20,991.5,0.0,0.013043478,22.13419743,0.0,1,2,2,3,2,2,0,1
0,0.0,0,0.0,10,170.0,0.04,0.1,0.0,0.0,6,2,2,6,3,2,0,0
6,144.6666667,0,0.0,5,123.6666667,0.033333333,0.013333333,0.0,0.0,7,1,1,1,8,0,1,0
0,0.0,0,0.0,10,249.3333333,0.0,0.02,0.0,0.0,7,1,2,6,8,0,0,0
0,0.0,0,0.0,1,0.0,0.2,0.2,0.0,0.0,5,2,6,1,1,2,0,0
0,0.0,0,0.0,5,151.2,0.0,0.053333333,0.0,0.8,6,7,1,3,1,2,0,0
0,0.0,0,0.0,34,2091.480392,0.046212121,0.071855922,0.0,0.0,8,1,1,8,1,2,0,0
10,322.8333333,1,12.0,28,866.2166667,0.006451613,0.012903226,0.0,0.0,1,2,4,7,1,2,0,0
0,0.0,0,0.0,1,0.0,0.2,0.2,0.0,0.0,6,2,2,1,13,2,1,0
0,0.0,0,0.0,38,667.1666667,0.0,0.005263158,0.0,0.0,5,2,2,4,1,2,1,0
6,90.41666667,0,0.0,5,100.4166667,0.0,0.02,0.0,0.0,1,1,2,6,8,0,0,0
0,0.0,0,0.0,16,953.5,0.0,0.014285714,21.588,0.8,6,2,2,9,4,0,0,1
16,164.925,5,66.875,64,1899.598899,0.010964912,0.029949875,83.78651166,0.0,7,3,2,1,3,2,1,0
0,0.0,0,0.0,1,0.0,0.2,0.2,0.0,0.0,7,4,1,3,3,2,0,0
11,903.7,1,26.2,109,3297.491311,0.006140351,0.010281148,3.870588042,0.0,8,3,2,6,1,2,0,0
0,0.0,0,0.0,11,316.6666667,0.0,0.027272727,0.0,0.8,2,2,2,2,1,2,0,0
0,0.0,0,0.0,1,0.0,0.2,0.2,0.0,0.0,7,1,1,3,2,2,0,0
5,54.83333333,0,0.0,26,986.9166667,0.0,0.010985222,45.69873563,0.0,6,6,2,4,5,2,0,0
3,232.9,7,646.0,83,5448.994444,0.008888889,0.023535354,0.0,0.0,6,2,2,2,13,2,0,0
15,641.5357143,3,298.6666667,13,798.5357143,0.0,0.011594203,0.0,0.0,6,3,2,2,4,2,0,0
0,0.0,0,0.0,13,1005.0,0.0,0.016666667,0.0,0.0,6,2,2,7,2,0,0,0
8,245.0833333,1,194.0,93,3646.966667,0.005154639,0.022696032,4.629470103,0.0,6,3,2,1,13,2,0,0
2,42.0,0,0.0,16,602.0,0.014705882,0.044117647,0.0,0.0,6,2,2,1,3,2,0,0
1,11.0,0,0.0,20,1166.333333,0.0,0.002631579,14.1273698,0.0,7,2,2,2,2,2,1,1
0,0.0,0,0.0,68,3357.340476,0.018137255,0.028272059,0.0,1.0,6,3,2,6,2,2,1,0
0,0.0,0,0.0,4,55.0,0.0,0.05,0.0,0.0,5,2,2,1,1,2,0,0
8,522.25,0,0.0,53,1899.058333,0.004938272,0.007694004,14.16739222,0.0,1,1,1,1,2,2,0,0
0,0.0,0,0.0,4,121.75,0.0,0.05,0.0,0.0,1,1,8,9,2,2,0,0
0,0.0,0,0.0,25,812.0,0.0,0.008,0.0,0.0,5,2,2,1,1,2,0,0
4,115.3333333,0,0.0,64,1588.944444,0.003076923,0.009213675,0.0,0.0,5,2,2,1,1,2,0,0
0,0.0,0,0.0,2,0.0,0.2,0.2,0.0,0.0,5,2,2,3,3,2,1,0
6,661.7666667,6,204.0,8,254.25,0.025,0.042222222,0.0,0.0,0,3,2,4,2,2,1,0
0,0.0,0,0.0,1,0.0,0.2,0.2,0.0,0.0,5,1,1,4,9,2,1,0
2,63.5,0,0.0,104,1667.158421,0.0,0.002547045,0.0,0.0,3,2,4,2,1,2,1,0
0,0.0,0,0.0,2,5.0,0.0,0.1,0.0,0.0,5,2,2,1,1,2,1,0
5,57.4,0,0.0,21,423.5,0.0,0.008695652,0.0,0.0,9,2,2,1,2,2,0,0
3,104.0,0,0.0,34,2991.319444,0.005555556,0.026111111,0.0,0.0,1,2,2,4,1,2,0,0
5,39.0,2,12.0,15,158.0,0.0,0.02010582,0.0,0.0,6,2,2,9,4,2,0,0
0,0.0,0,0.0,1,0.0,0.2,0.2,0.0,0.0,1,3,2,1,1,2,0,0
0,0.0,0,0.0,44,691.252381,0.013953488,0.029457364,0.0,0.0,7,2,6,5,1,2,0,0
11,362.3,0,0.0,41,1081.713333,0.01,0.028830409,27.5128393,0.0,9,2,2,1,1,2,1,0
8,102.6666667,0,0.0,49,4051.375,0.007272727,0.022949495,0.0,0.0,6,2,4,7,4,2,0,0
0,0.0,0,0.0,16,332.1666667,0.0,0.007142857,0.0,0.0,1,2,2,3,2,0,0,0
0,0.0,0,0.0,1,0.0,0.2,0.2,0.0,0.0,5,3,2,5,1,2,0,0
0,0.0,0,0.0,7,169.0,0.0,0.057142857,0.0,0.0,5,2,2,3,3,2,1,0
14,524.95,2,248.3333333,133,5948.998311,0.005957447,0.008289956,0.0,0.0,1,1,1,1,10,2,0,0
1,11.0,0,0.0,51,1059.253472,0.010588235,0.022643039,0.0,0.0,5,3,2,6,3,2,0,0
6,803.47,0,0.0,30,634.6880952,0.08083779,0.106666667,0.0,0.0,7,3,2,8,13,2,0,0
2,101.5,0,0.0,16,692.6666667,0.0,0.0125,146.23875,0.0,6,2,2,5,2,0,0,1
0,0.0,0,0.0,21,1492.166667,0.023809524,0.055555556,0.0,0.0,6,2,2,3,2,2,0,0
6,67.4,0,0.0,13,217.7611111,0.0125,0.025,0.0,0.0,8,2,2,5,7,2,1,0
0,0.0,0,0.0,1,0.0,0.2,0.2,0.0,0.0,6,3,6,2,2,2,0,0
0,0.0,0,0.0,1,0.0,0.2,0.2,0.0,0.0,6,2,10,3,4,2,1,0
2,132.0,0,0.0,6,1564.0,0.044444444,0.066666667,0.0,0.0,6,3,2,2,13,2,0,0
0,0.0,0,0.0,28,1555.601212,0.0,0.009511278,0.0,0.0,7,3,2,2,2,2,0,0
0,0.0,0,0.0,1,0.0,0.2,0.2,0.0,0.0,2,2,6,1,2,2,0,0
0,0.0,0,0.0,6,67.0,0.016666667,0.05,0.0,0.0,3,2,4,1,1,2,0,0
11,118.1785714,2,91.5,162,5399.231269,0.004859086,0.014667832,14.77221948,0.0,7,2,2,4,10,2,0,1
6,95.91666667,0,0.0,19,671.55,0.0,0.020454545,28.12876638,0.0,1,2,2,7,2,2,0,0
20,1307.675,3,132.6666667,517,27009.85943,0.004385217,0.014593571,8.4031637,0.0,7,1,1,1,2,2,0,1
9,104.9857143,0,0.0,79,1926.33339,0.01533101,0.020052948,0.0,0.0,6,3,2,3,13,2,0,0
1,0.0,0,0.0,4,94.75,0.0,0.053333333,0.0,0.0,1,3,2,1,20,2,0,0
2,179.0,1,0.0,2,163.0,0.0,0.04,0.0,0.0,6,1,1,3,2,0,0,0
3,127.5,1,46.5,33,1440.933333,0.011428571,0.027210884,0.0,0.0,1,2,2,1,1,2,0,0
0,0.0,0,0.0,1,0.0,0.2,0.2,0.0,0.0,1,2,2,8,1,2,0,0
2,75.5,0,0.0,30,1661.166667,0.0,0.00625,0.0,0.0,1,2,2,2,10,0,0,0
0,0.0,0,0.0,4,46.25,0.0,0.1,0.0,0.0,7,1,1,1,2,2,0,1
0,0.0,0,0.0,3,96.7,0.0,0.0,0.0,0.0,3,1,1,1,2,2,1,0
0,0.0,0,0.0,18,894.5809524,0.0,0.007142857,0.0,0.0,1,3,2,4,6,2,0,0
0,0.0,0,0.0,6,129.5,0.0,0.033333333,0.0,0.0,1,2,2,1,11,0,0,0
1,21.2,0,0.0,53,2224.633333,0.011538462,0.03514652,0.0,0.0,0,2,2,3,3,2,0,0
0,0.0,0,0.0,1,0.0,0.2,0.2,0.0,0.0,0,3,2,2,3,2,0,0
0,0.0,0,0.0,14,156.4047619,0.014285714,0.05,0.0,0.0,7,2,5,3,2,2,0,0
1,18.0,0,0.0,22,495.0,0.0,0.005,0.0,0.0,7,2,5,6,2,0,0,0
0,0.0,0,0.0,11,650.1666667,0.036363636,0.060606061,0.0,0.0,8,1,1,6,1,2,0,0
6,34.0,0,0.0,69,2456.297619,0.001408451,0.003553372,0.0,0.0,6,2,2,3,2,2,0,0
0,0.0,0,0.0,20,680.0,0.02,0.058333333,0.0,0.6,6,2,6,2,3,2,0,0
0,0.0,0,0.0,10,408.0,0.0,0.022222222,88.78460596,0.0,5,2,2,1,2,2,0,1
2,53.0,0,0.0,4,46.0,0.026666667,0.056,0.0,0.4,6,3,2,1,2,2,0,0
6,141.0583333,0,0.0,46,1728.866268,0.0,0.019059741,0.0,0.0,4,2,2,7,4,2,0,0
0,0.0,0,0.0,2,30.5,0.0,0.05,0.0,0.0,5,3,2,4,10,2,0,0
6,475.75,1,18.0,28,1559.65,0.0125,0.027083333,15.81839583,0.0,6,2,2,5,4,2,0,1
0,0.0,0,0.0,14,471.4166667,0.0,0.002197802,0.0,0.0,7,3,2,3,6,0,0,0
11,211.0333333,3,173.2333333,62,1340.676667,0.000391389,0.019726027,17.42324027,0.0,0,2,2,7,2,2,0,0
0,0.0,0,0.0,7,111.6666667,0.0,0.014285714,0.0,0.0,5,2,4,1,2,2,1,0
3,56.0,0,0.0,19,2117.654762,0.0,0.014444444,6.708900602,0.0,1,2,2,3,2,2,0,1
0,0.0,0,0.0,8,429.0,0.0,0.05,0.0,0.0,6,2,2,1,2,2,0,0
0,0.0,0,0.0,28,1252.75,0.010714286,0.042857143,0.0,0.0,7,2,2,1,13,2,0,0
0,0.0,0,0.0,3,80.0,0.066666667,0.133333333,0.0,0.2,2,3,2,1,3,2,0,0
4,82.7,0,0.0,26,405.2833333,0.0,0.001428571,0.0,0.0,7,2,2,1,2,0,0,0
0,0.0,0,0.0,3,91.0,0.066666667,0.133333333,0.0,0.0,6,2,2,3,11,2,0,0
2,35.3,0,0.0,3,18.1,0.033333333,0.061111111,0.0,0.0,3,3,2,3,3,2,1,1
0,0.0,0,0.0,13,635.3333333,0.0,0.009090909,0.0,0.0,5,2,2,4,1,2,0,0
6,45.83333333,2,284.0,54,1509.8,0.0,0.006779661,7.272067797,0.0,5,2,2,7,2,0,0,0
0,0.0,0,0.0,2,67.0,0.0,0.1,0.0,0.0,5,1,1,4,1,2,0,0
0,0.0,0,0.0,5,23.0,0.08,0.12,0.0,0.0,5,2,2,1,1,2,0,0
2,57.0,0,0.0,12,497.0,0.0,0.047619048,10.62514286,0.6,6,2,2,1,6,2,0,0
0,0.0,0,0.0,18,909.75,0.022222222,0.048148148,0.0,0.0,7,3,2,1,3,2,0,0
7,84.55,0,0.0,48,805.0992979,0.0,0.031196581,8.781144231,0.0,6,2,2,1,2,2,0,0
6,101.3333333,0,0.0,10,266.5,0.028571429,0.028571429,0.0,0.0,5,2,2,4,1,2,0,0
0,0.0,0,0.0,8,85.5,0.075,0.1,0.0,0.0,6,2,2,1,1,2,0,0
7,213.3916667,0,0.0,32,1350.391667,0.0,0.017877551,0.0,0.0,5,2,2,1,8,2,1,0
6,43.1,0,0.0,56,1056.15,0.026502732,0.055331772,4.163259563,0.2,6,3,2,4,4,2,0,0
4,61.0,0,0.0,19,607.0,0.0,0.026984127,17.53595893,1.0,2,1,1,7,4,2,1,1
0,0.0,0,0.0,49,1385.85,0.0,0.013265306,0.0,0.0,1,2,2,4,3,2,0,0
6,132.0,1,5.0,30,1039.244444,0.005714286,0.017809524,3.998,0.6,6,3,2,4,3,2,0,1
2,14.0,0,0.0,49,789.9583333,0.004166667,0.015097222,0.0,0.0,5,3,2,7,1,2,0,0
0,0.0,0,0.0,48,2235.0,0.004347826,0.025362319,9.127391304,0.0,6,2,2,7,2,2,1,0
0,0.0,0,0.0,2,0.0,0.2,0.2,0.0,0.6,6,2,2,7,3,2,0,0
0,0.0,0,0.0,22,887.3547619,0.01,0.0145,0.0,0.0,6,3,2,8,2,2,0,0
7,67.0,2,725.5,101,4713.8,0.009444444,0.010481956,20.62474136,0.0,6,1,1,6,3,2,1,1
5,218.5833333,0,0.0,11,370.4583333,0.0,0.003076923,0.0,0.0,1,3,7,4,2,2,0,0
8,125.7333333,0,0.0,7,81.66666667,0.033333333,0.024166667,0.0,0.0,9,2,2,1,1,2,0,0
0,0.0,0,0.0,7,67.33333333,0.1,0.097142857,0.0,0.0,6,3,2,1,3,2,0,0
0,0.0,0,0.0,153,4565.930621,0.00130719,0.006432173,6.189215434,0.0,0,2,2,4,1,2,1,1
0,0.0,0,0.0,18,1659.25,0.0375,0.062202381,0.0,0.0,7,2,2,4,10,2,0,0
0,0.0,0,0.0,11,490.8333333,0.0,0.045454545,0.0,0.0,1,3,2,6,2,0,0,0
9,301.0,0,0.0,38,2621.621429,0.021212121,0.044507576,10.72117234,0.0,7,2,2,1,13,2,0,0
6,206.03,0,0.0,129,3778.345,0.010687023,0.024611656,2.169469761,0.0,8,2,2,1,3,2,0,1
3,201.15,0,0.0,17,506.1833333,0.0,0.001666667,0.0,0.0,1,1,8,3,11,0,0,0
8,222.75,3,15.75,61,1749.842262,0.015196078,0.02894958,0.0,0.0,7,1,1,1,3,2,1,0
0,0.0,0,0.0,15,264.0833333,0.0,0.02,0.0,0.0,7,2,2,2,1,2,0,0
1,30.2,0,0.0,5,323.4,0.066666667,0.083333333,0.0,0.0,3,2,4,1,3,2,1,0
0,0.0,0,0.0,28,534.5833333,0.0,0.021428571,0.0,1.0,6,2,4,4,1,2,1,0
9,551.7944444,4,124.2,94,5579.315873,0.0,0.007335491,0.0,0.0,4,2,2,5,2,0,0,0
0,0.0,0,0.0,6,30.0,0.183333333,0.188888889,0.0,0.8,6,3,2,6,1,2,0,0
0,0.0,0,0.0,4,135.5,0.0,0.066666667,0.0,0.0,5,2,2,3,14,2,0,0
5,471.25,0,0.0,21,883.0,0.0,0.010666667,44.98081787,0.0,7,1,1,2,8,0,1,1
0,0.0,0,0.0,16,2515.1,0.053571429,0.070238095,0.0,0.0,6,3,2,2,3,2,0,0
0,0.0,0,0.0,36,872.8333333,0.0,0.007058824,81.02729581,0.0,7,2,4,1,8,0,0,1
3,151.0,0,0.0,21,840.2863203,0.0,0.010763889,0.0,0.0,8,2,2,3,2,2,0,0
4,52.83333333,0,0.0,57,1761.285714,0.006896552,0.022220854,0.0,0.0,7,1,1,1,3,2,1,0
2,10.0,1,17.0,21,1647.5,0.0,0.013043478,0.0,0.0,6,2,2,4,4,2,0,0
0,0.0,0,0.0,1,0.0,0.2,0.2,0.0,0.0,0,2,2,1,3,2,0,0
3,55.0,0,0.0,18,376.5,0.021052632,0.040350877,0.0,0.4,6,4,2,3,11,2,0,0
9,102.8666667,3,339.5,29,693.2541667,0.0,0.014705882,77.64914484,0.0,1,2,10,1,2,2,0,1
0,0.0,0,0.0,6,183.5,0.0,0.033333333,0.0,0.0,1,2,2,1,2,0,0,0
3,48.5,0,0.0,10,138.1666667,0.0,0.015384615,0.0,0.0,7,2,2,1,2,0,1,0
4,190.0,0,0.0,53,1328.626894,0.017857143,0.022238793,0.0,0.0,1,1,1,1,10,2,1,0
1,38.2,0,0.0,24,1282.953333,0.034782609,0.049565217,0.0,0.0,7,2,2,4,1,2,1,0
0,0.0,0,0.0,20,2981.166667,0.0,0.01,0.0,0.0,2,2,4,4,4,2,0,0
0,0.0,0,0.0,1,0.0,0.2,0.2,0.0,0.0,5,1,1,2,1,2,0,0
7,140.9,1,18.2,20,318.7666667,0.0,0.009876543,0.0,0.0,8,2,2,3,2,0,0,0
2,32.0,2,1150.0,58,5072.395938,0.007667474,0.038802798,2.483389831,0.2,6,2,2,3,6,2,0,0
3,151.0,0,0.0,6,892.0,0.0,0.018518519,0.0,0.0,5,3,2,3,3,2,1,0
0,0.0,0,0.0,3,44.0,0.066666667,0.1,0.0,0.0,6,3,2,1,15,2,0,0
10,301.625,3,9.0,122,6919.899495,0.004615385,0.022008376,0.0,0.0,1,2,2,1,2,2,0,0
1,28.66666667,0,0.0,148,3486.194444,0.008697765,0.017685455,0.0,0.0,7,3,2,4,1,2,0,0
7,86.27777778,2,21.0,80,2170.286706,0.003571429,0.021527778,25.76598645,0.0,7,3,2,1,10,2,1,1
0,0.0,0,0.0,12,448.5,0.0,0.033333333,0.0,0.0,5,2,2,1,2,2,0,0
2,25.65,0,0.0,13,343.625,0.0,0.005128205,0.0,0.0,1,2,2,2,2,0,0,0
0,0.0,0,0.0,25,954.0833333,0.034722222,0.061527778,120.587914,0.0,7,3,2,1,13,2,0,0
0,0.0,0,0.0,5,156.0,0.0,0.04,0.0,0.0,5,2,2,4,1,2,0,0
0,0.0,0,0.0,57,1234.5,0.001724138,0.020689655,0.0,0.0,7,2,7,2,2,2,1,0
0,0.0,0,0.0,21,289.5,0.00952381,0.038095238,0.0,0.0,1,2,2,6,10,2,0,0
0,0.0,0,0.0,12,200.0,0.0,0.047222222,0.0,0.0,5,2,2,1,2,2,1,0
4,34.93333333,0,0.0,2,22.8,0.0,0.028571429,0.0,0.0,8,2,2,4,2,0,0,0
3,41.3,0,0.0,4,55.9,0.0,0.014285714,0.0,0.0,4,3,2,8,2,0,0,0
3,23.0,0,0.0,16,431.9,0.010526316,0.033684211,0.0,0.0,3,2,2,7,13,2,1,0
4,155.5,0,0.0,20,588.9,0.0,0.008695652,0.0,0.0,6,4,1,1,4,0,0,0
0,0.0,0,0.0,8,240.0,0.0,0.028571429,58.788,0.2,6,2,2,3,2,0,0,1
0,0.0,0,0.0,1,0.0,0.2,0.2,0.0,0.0,6,2,2,1,1,2,0,0
8,117.0238095,2,57.0,11,252.8928571,0.0,0.011078431,0.0,0.0,6,2,2,2,4,2,0,0
0,0.0,0,0.0,2,30.4,0.0,0.066666667,21.47899475,0.0,8,1,8,6,20,2,1,1
1,129.0,1,26.7,28,1392.1,0.031111111,0.056333333,0.0,0.0,9,3,2,7,13,2,1,0
4,69.0,1,537.0,42,352.5,0.004255319,0.019148936,0.0,0.0,6,2,2,3,3,2,0,0
0,0.0,0,0.0,5,155.0,0.04,0.053333333,0.0,0.0,5,2,2,1,2,2,0,0
0,0.0,0,0.0,47,2455.147619,0.007407407,0.023703704,0.0,0.0,7,3,2,1,3,2,0,0
0,0.0,0,0.0,2,37.5,0.0,0.033333333,0.0,0.0,5,3,2,4,3,2,1,0
0,0.0,0,0.0,9,116.3333333,0.0,0.066666667,0.0,0.0,5,2,2,1,1,2,0,0
2,167.4,0,0.0,8,191.15,0.0,0.02,0.0,0.0,8,1,1,6,2,0,0,0
2,46.5,1,64.5,91,3309.448776,0.013285024,0.020476218,0.0,0.0,7,3,2,1,13,2,1,1
2,236.0,0,0.0,18,490.0666667,0.0,0.013333333,0.0,0.0,5,1,1,4,1,2,0,0
0,0.0,0,0.0,9,83.0,0.044444444,0.066666667,0.0,0.6,6,2,2,1,2,2,0,0
0,0.0,0,0.0,2,32.0,0.0,0.1,0.0,0.0,5,2,4,3,3,2,0,0
3,115.5,0,0.0,55,1833.244643,0.0,0.008286252,18.61684302,0.0,7,2,2,6,2,2,1,1
5,237.25,0,0.0,12,454.2261905,0.011764706,0.042647059,0.0,0.0,6,1,1,8,3,2,1,0
0,0.0,0,0.0,34,311.5,0.0,0.011764706,0.0,0.0,5,2,2,4,1,2,0,0
0,0.0,0,0.0,1,0.0,0.2,0.2,0.0,0.0,6,3,2,4,2,2,1,0
2,675.3333333,0,0.0,46,1103.916667,0.0,0.004081633,0.0,0.8,6,2,4,4,4,2,0,0
1,4.0,0,0.0,62,3000.250794,0.004918033,0.029535519,0.0,0.0,6,2,2,4,1,2,0,0
0,0.0,2,14.0,11,687.5,0.020512821,0.035897436,0.0,0.0,5,3,2,1,3,2,1,0
0,0.0,0,0.0,27,867.7777778,0.0,0.004487179,0.0,0.0,1,2,2,3,1,0,0,0
4,66.0,0,0.0,52,1423.790476,0.005454545,0.008484848,0.0,0.0,1,2,4,7,20,2,0,0
7,176.5,0,0.0,34,1384.972222,0.005263158,0.021992481,26.45082237,0.0,6,1,1,2,4,2,0,1
4,100.0,0,0.0,18,954.9083333,0.0,0.008521303,0.0,0.0,7,1,2,8,2,2,1,0
0,0.0,0,0.0,50,1784.516667,0.0016,0.020593939,0.0,0.0,7,1,1,4,2,2,0,0
0,0.0,0,0.0,51,742.9603175,0.003921569,0.012121212,0.0,0.0,7,1,1,3,2,2,1,0
6,93.125,0,0.0,29,424.125,0.0,0.020689655,0.0,0.0,1,1,8,1,1,2,0,0
3,43.0,0,0.0,11,610.0,0.0,0.015384615,0.0,0.0,5,2,4,1,1,2,0,0
2,13.0,0,0.0,17,209.7,0.023529412,0.038235294,0.0,0.0,4,1,1,3,4,2,0,0
3,12.0,1,24.0,3,5.333333333,0.033333333,0.083333333,0.0,0.0,5,2,2,1,3,2,0,0
0,0.0,5,118.5,17,558.3988095,0.022727273,0.046212121,0.0,0.0,1,1,8,5,11,2,0,0
0,0.0,0,0.0,6,119.0,0.0,0.033333333,0.0,0.0,5,3,2,7,1,2,1,0
3,49.5,0,0.0,27,702.6431624,0.015517241,0.027155172,0.0,0.0,7,3,2,3,3,2,0,0
4,47.25,0,0.0,2,24.25,0.0,0.04,0.0,0.0,1,2,2,1,2,0,0,0
0,0.0,0,0.0,2,27.0,0.0,0.1,0.0,0.0,5,4,1,4,2,2,0,0
1,55.4,0,0.0,28,630.6466667,0.0,0.016666667,12.58722248,0.0,9,2,4,7,4,2,1,1
0,0.0,0,0.0,10,231.0,0.12,0.14,0.0,0.0,6,3,2,2,13,2,0,0
9,219.25,2,31.0,18,374.3809524,0.0,0.007666667,37.6992,0.0,6,1,1,1,5,0,0,0
1,18.0,1,6.0,122,7141.214642,0.012926829,0.01962467,0.0,0.0,7,3,2,1,2,2,1,0
0,0.0,0,0.0,27,910.0,0.007407407,0.011111111,0.0,0.0,7,4,2,1,3,0,1,0
0,0.0,0,0.0,24,506.452381,0.0,0.009090909,76.7910465,0.0,7,2,4,1,3,0,0,1
0,0.0,0,0.0,22,2473.25,0.009090909,0.013383838,0.0,0.0,6,3,2,3,2,2,0,0
6,153.275,3,394.0,25,599.1,0.013333333,0.030151515,22.3392,0.0,6,1,1,3,4,2,1,0
4,74.33333333,3,10.0,2,73.0,0.0,0.044444444,0.0,0.0,6,3,2,1,6,0,0,0
4,181.5,0,0.0,34,2265.571429,0.0,0.018018018,28.11367347,0.0,7,4,1,3,1,2,1,1
12,569.825,0,0.0,127,6065.016218,0.006716418,0.009265038,0.152167439,0.0,0,1,1,2,4,2,0,1
3,40.0,0,0.0,24,3830.0,0.0,0.025333333,0.0,0.0,7,1,1,7,8,0,0,1
0,0.0,2,246.5,52,1838.85,0.003703704,0.014506173,0.0,0.0,1,2,7,3,2,0,0,0
4,600.4230769,0,0.0,17,1883.827222,0.00075188,0.013061325,0.120699914,0.0,5,2,2,1,8,2,0,1
7,147.1666667,0,0.0,10,146.0,0.053333333,0.068888889,0.0,0.0,1,1,1,2,1,2,0,0
0,0.0,0,0.0,3,121.5,0.0,0.007407407,0.0,0.0,7,1,1,1,2,0,1,0
0,0.0,0,0.0,1,0.0,0.2,0.2,0.0,0.0,7,8,2,6,13,2,0,0
0,0.0,0,0.0,65,2706.595238,0.0,0.022692308,0.0,0.0,7,2,2,1,2,0,0,0
0,0.0,0,0.0,32,1589.625,0.0,0.012903226,15.63731434,0.0,1,2,2,6,1,2,0,0
3,453.0,3,493.5,36,1199.522619,0.004761905,0.011534392,9.323531746,0.0,6,6,2,2,4,2,0,0
0,0.0,1,0.0,22,812.3,0.030848861,0.057391304,0.0,0.0,7,1,1,4,10,2,1,0
0,0.0,0,0.0,57,1384.5,0.010344828,0.034482759,0.0,0.0,6,2,2,3,13,2,0,0
0,0.0,0,0.0,20,1413.768571,0.025,0.038472222,0.0,0.0,4,1,2,3,1,2,1,0
0,0.0,0,0.0,19,661.5,0.031578947,0.052631579,0.0,0.0,7,2,2,1,1,2,0,0
0,0.0,0,0.0,12,169.3,0.0,0.016666667,0.0,0.0,5,2,2,3,2,2,1,0
2,31.0,0,0.0,88,5321.441032,0.016853933,0.019314057,25.74700712,0.0,7,3,2,1,2,2,0,1
3,33.0,0,0.0,8,182.5833333,0.0,0.03125,0.0,0.0,5,2,4,6,3,2,0,0
2,6.0,0,0.0,9,89.5,0.0,0.058333333,0.0,0.0,9,1,1,4,4,2,1,1
0,0.0,1,11.0,35,926.6690476,0.016666667,0.054930556,0.0,1.0,6,2,2,1,4,2,1,0
0,0.0,0,0.0,145,4108.808442,0.007552448,0.023216783,0.0,0.0,7,2,2,4,2,2,0,1
4,160.2,2,21.2,43,1568.320833,0.009183673,0.02292517,28.05716135,0.0,8,1,1,3,2,2,0,0
3,25.2,0,0.0,54,2008.807143,0.014423077,0.0136723,0.0,0.0,6,3,2,4,13,2,0,0
0,0.0,0,0.0,10,111.0,0.0,0.02,0.0,0.0,5,2,4,7,3,2,0,0
1,25.0,0,0.0,35,1570.5,0.0,0.002941176,13.07329412,0.0,6,2,2,6,4,2,1,1
2,82.0,0,0.0,13,155.9833333,0.0,0.037777778,0.0,0.0,1,2,2,1,2,2,0,0
0,0.0,0,0.0,2,33.0,0.0,0.1,0.0,0.2,2,1,1,1,3,2,0,0
1,5.0,0,0.0,29,3441.439286,0.007142857,0.005654762,0.0,0.0,1,3,2,8,10,2,0,0
1,11.0,0,0.0,2,51.06666667,0.0,0.0,0.0,0.0,4,2,2,9,6,2,0,0
1,40.0,5,279.5,62,1088.830952,0.000980392,0.007230392,11.48461765,0.0,5,3,2,1,9,2,1,1
2,16.0,0,0.0,16,381.6865079,0.011764706,0.046568627,0.0,0.6,2,2,4,2,1,2,0,0
0,0.0,0,0.0,91,4157.633333,0.01,0.028013468,0.0,0.0,3,2,2,1,13,2,0,0
0,0.0,0,0.0,4,18.2,0.15,0.15,0.0,0.0,9,3,2,1,13,2,0,0
7,133.1666667,2,80.0,10,246.7916667,0.0,0.008333333,0.0,0.0,6,2,2,1,3,0,0,0
8,203.6,1,0.0,42,1052.4,0.0,0.004545455,37.35725827,0.0,7,2,2,5,2,2,0,1
1,4.0,2,11.0,110,3211.827706,0.003571429,0.012916667,0.0,0.0,5,2,2,1,2,2,0,0
0,0.0,0,0.0,3,0.0,0.2,0.2,0.0,0.0,7,1,1,6,6,2,0,0
0,0.0,0,0.0,7,47.0,0.0,0.028571429,0.0,0.0,7,2,2,4,8,2,0,0
2,27.375,0,0.0,39,1157.416667,0.010833333,0.045714286,0.0,0.0,1,2,2,4,1,2,1,0
0,0.0,0,0.0,28,756.8611111,0.035714286,0.067857143,0.0,0.0,1,2,2,4,1,2,0,0
2,63.25,0,0.0,7,460.75,0.022222222,0.037037037,0.0,0.0,1,3,2,3,2,2,0,0
1,10.0,2,108.0,89,2114.083333,0.0,0.011685393,0.0,0.2,6,4,2,1,4,2,0,0
1,21.2,0,0.0,12,249.4095238,0.015384615,0.019230769,0.0,0.0,8,2,2,8,2,2,1,0
1,5.0,0,0.0,53,1062.749495,0.007843137,0.019263449,0.0,0.4,6,1,1,1,4,2,0,0
0,0.0,0,0.0,18,636.5,0.0,0.027777778,0.0,0.0,1,2,2,3,2,2,0,0
0,0.0,0,0.0,12,207.0,0.0,0.036666667,0.0,0.0,5,2,2,3,2,2,0,0
9,307.360119,4,77.91666667,95,2989.780952,0.005882353,0.014513583,12.74039337,0.0,7,3,2,4,1,2,1,0
0,0.0,0,0.0,3,39.5,0.0,0.033333333,0.0,0.0,1,1,1,9,8,0,0,0
0,0.0,0,0.0,4,19.6,0.075,0.108333333,0.0,0.0,6,3,2,6,4,2,1,0
4,99.33333333,0,0.0,15,715.875,0.010526316,0.052631579,0.0,0.0,1,2,5,4,2,2,0,0
2,11.0,0,0.0,132,4424.916667,0.00610687,0.020093774,14.99601118,0.0,7,2,2,4,1,2,0,1
2,136.5,0,0.0,8,1261.5,0.0,0.01,0.0,0.0,1,8,1,3,2,2,1,0
0,0.0,3,1830.5,81,5000.739116,0.003294118,0.020433155,0.0,0.0,7,2,2,3,2,2,1,0
9,183.5,2,29.66666667,52,2211.608333,0.008888889,0.010251724,1.816474074,0.0,5,4,2,1,2,2,0,1
9,71.2,2,72.125,23,1061.816667,0.0,0.022916667,6.064425698,0.0,7,2,2,9,2,2,1,0
3,79.4,0,0.0,11,394.0,0.0,0.005555556,0.0,0.0,0,3,2,3,1,2,1,0
1,3.0,14,1165.166667,81,2820.952419,0.008897485,0.029431012,0.0,0.0,5,2,2,3,2,2,0,0
0,0.0,0,0.0,6,81.66666667,0.0,0.066666667,0.0,0.0,1,2,2,7,2,2,1,0
0,0.0,0,0.0,10,122.1666667,0.0,0.02,0.0,0.0,7,1,1,1,5,0,1,0
1,63.0,0,0.0,9,265.25,0.0,0.004,0.0,0.0,6,1,1,4,2,2,1,0
0,0.0,0,0.0,1,61.0,0.0,0.1,0.0,0.0,5,3,2,4,15,2,1,0
0,0.0,0,0.0,9,1726.5,0.0,0.05,0.0,0.0,1,2,4,7,1,2,0,0
0,0.0,0,0.0,27,1547.5,0.0,0.007407407,0.0,0.0,6,4,2,2,2,2,0,0
0,0.0,0,0.0,24,607.9666667,0.0,0.004166667,19.47465798,0.0,7,4,1,1,2,0,0,1
2,107.0,0,0.0,3,56.0,0.0,0.04,0.0,0.0,5,1,1,3,2,0,0,0
0,0.0,0,0.0,17,546.2291667,0.014814815,0.01957672,14.49431487,0.0,1,2,2,7,2,2,0,0
0,0.0,0,0.0,8,463.0,0.0,0.025,0.0,0.0,6,2,2,3,2,2,0,0
3,52.75,0,0.0,69,909.1548701,0.002857143,0.012225275,8.086657063,0.0,1,2,2,1,7,2,0,0
1,4.0,0,0.0,13,152.6666667,0.033333333,0.083333333,0.0,0.0,6,2,2,3,6,2,0,0
0,0.0,0,0.0,19,337.1666667,0.0,0.003508772,0.0,1.0,6,1,1,9,3,2,1,0
0,0.0,4,32.5,7,67.0,0.0,0.022222222,0.0,0.0,5,2,2,1,8,0,0,0
0,0.0,0,0.0,25,952.6777778,0.0,0.023541667,23.57537117,0.0,7,2,2,3,11,2,0,1
1,14.0,1,0.0,14,710.25,0.0,0.017777778,0.0,0.0,5,2,2,1,1,2,0,0
0,0.0,0,0.0,1,0.0,0.2,0.2,0.0,0.0,1,2,2,5,2,2,1,0
0,0.0,0,0.0,55,1728.025397,0.049318182,0.071645022,0.0,0.0,6,3,2,1,6,2,0,0
4,109.5,0,0.0,66,1231.2,0.006280193,0.028298931,10.45437681,1.0,6,2,2,1,4,2,1,0
0,0.0,0,0.0,3,74.0,0.0,0.022222222,0.0,0.0,6,3,2,2,2,2,1,0
3,34.0,1,1530.0,97,3989.485553,0.002,0.012201868,0.0,0.0,7,2,2,1,3,2,1,0
2,15.0,0,0.0,11,223.4666667,0.0,0.028571429,0.0,0.0,9,2,2,3,6,0,1,1
1,76.0,0,0.0,37,821.3333333,0.0,0.014285714,0.0,0.0,6,2,2,4,4,2,0,0
12,310.6333333,0,0.0,28,606.4166667,0.027619048,0.03614966,0.0,0.0,6,3,2,2,1,2,1,0
2,53.4,0,0.0,2,0.0,0.05,0.1,0.0,0.0,9,1,1,6,3,2,0,0
0,0.0,0,0.0,5,51.0,0.0,0.04,0.0,0.0,7,3,2,3,13,2,0,0
0,0.0,0,0.0,8,258.8333333,0.0375,0.03125,0.0,0.0,6,3,2,6,4,2,1,0
4,146.0,0,0.0,14,879.5,0.0,0.0125,0.0,0.0,1,2,5,4,2,0,1,0
3,29.25,0,0.0,32,1729.75,0.0,0.005714286,16.7293697,0.0,1,2,4,3,2,0,0,1
7,113.75,1,28.5,15,1047.0,0.010526316,0.019298246,0.0,0.0,1,1,1,3,2,0,0,1
0,0.0,0,0.0,12,440.75,0.0,0.041666667,0.0,0.0,1,2,2,6,1,2,1,0
0,0.0,0,0.0,22,231.5,0.036363636,0.072727273,0.0,0.6,6,2,2,4,3,2,0,0
5,136.1,0,0.0,45,1424.804887,0.0,0.008333333,10.19295165,0.0,7,2,2,6,2,2,1,1
2,146.0,2,52.25,1,0.0,0.0,0.04,0.0,0.0,1,1,1,1,2,2,0,0
0,0.0,0,0.0,3,127.0,0.0,0.066666667,65.988,0.0,6,2,2,1,11,2,0,1
8,206.0,0,0.0,8,107.0,0.0,0.02,0.0,0.0,6,1,1,6,1,2,0,0
0,0.0,0,0.0,6,301.5,0.0,0.111111111,0.0,0.0,2,2,4,9,3,2,0,0
0,0.0,0,0.0,14,654.875,0.028571429,0.042857143,0.0,0.0,7,2,2,1,13,2,0,0
3,265.75,0,0.0,8,168.75,0.0,0.03,0.0,0.0,7,3,2,1,7,0,0,0
0,0.0,0,0.0,1,0.0,0.2,0.2,0.0,0.0,7,2,2,3,13,2,0,0
0,0.0,0,0.0,29,873.75,0.0,0.031034483,0.0,0.0,7,2,2,5,2,2,1,1
0,0.0,0,0.0,7,906.0,0.0,0.016666667,14.98333333,0.4,6,4,1,2,2,0,0,1
0,0.0,0,0.0,1,0.0,0.2,0.2,0.0,0.0,4,3,2,1,1,2,1,0
0,0.0,0,0.0,4,536.5,0.0,0.05,0.0,0.0,6,2,2,9,2,2,0,0
0,0.0,0,0.0,40,1385.666667,0.005,0.0225,0.0,0.0,7,2,2,1,1,2,0,0
0,0.0,0,0.0,3,15.0,0.0,0.066666667,0.0,0.0,5,2,4,3,1,2,1,0
11,1640.590909,0,0.0,16,1849.833333,0.0,0.013636364,10.78136364,0.0,5,1,1,2,3,2,0,0
0,0.0,0,0.0,7,203.6666667,0.0,0.00952381,0.0,0.0,6,1,1,1,2,2,0,0
2,33.0,0,0.0,22,460.6666667,0.0,0.025,0.0,0.6,6,3,2,3,1,2,0,0
0,0.0,0,0.0,15,372.0833333,0.0,0.04,0.0,0.0,7,2,2,1,2,0,1,0
5,132.0,1,8.5,167,5080.233631,0.000238095,0.004785636,64.81173101,0.0,7,4,2,1,1,2,1,1
0,0.0,0,0.0,24,917.0833333,0.008333333,0.031944444,0.0,0.0,5,3,2,1,1,2,1,0
2,49.7,1,0.0,64,1991.822567,0.014830918,0.022398206,21.74053053,0.0,7,1,1,1,2,2,1,0
0,0.0,0,0.0,2,403.0,0.1,0.15,0.0,0.0,5,2,10,3,3,2,0,0
2,29.33333333,0,0.0,98,2680.828571,0.009183673,0.014160401,16.04860714,0.0,6,3,2,3,13,2,0,1
3,44.5,4,376.5,49,1222.25,0.005185185,0.021604938,0.0,0.0,1,2,2,2,2,2,1,0
5,66.6,0,0.0,13,523.6,0.0,0.013333333,0.0,0.0,8,2,2,6,3,2,0,0
4,104.5,1,54.0,25,796.3,0.0,0.024074074,0.0,0.8,6,2,6,1,4,2,0,0
0,0.0,0,0.0,0,0.0,0.18,0.181818182,0.0,0.0,4,2,2,7,6,2,0,0
4,165.0,0,0.0,59,3096.375,0.007526882,0.019247312,8.126193548,0.0,6,2,2,1,2,2,0,1
2,2.0,0,0.0,0,0.0,0.1,0.1,0.0,0.0,6,1,1,3,2,2,1,0
0,0.0,0,0.0,3,58.0,0.0,0.066666667,0.0,0.0,5,1,1,1,10,2,0,0
6,122.25,1,33.5,60,2719.654762,0.006557377,0.012080406,0.0,0.0,1,1,2,1,2,2,0,0
1,2.0,0,0.0,24,958.25,0.025,0.035,24.34016667,0.0,6,2,2,1,6,2,0,0
2,28.2,0,0.0,12,271.0,0.0,0.014285714,0.0,0.0,0,1,8,4,6,2,0,0
0,0.0,0,0.0,1,0.0,0.2,0.2,0.0,0.0,5,3,2,3,1,2,0,0
0,0.0,0,0.0,8,143.2,0.0,0.029166667,0.0,0.0,7,3,2,1,2,2,0,0
1,136.5,0,0.0,25,806.5,0.0,0.009615385,39.96971545,0.0,0,1,1,1,4,2,1,0
0,0.0,0,0.0,1,0.0,0.2,0.2,0.0,0.0,5,3,3,1,3,2,1,0
0,0.0,0,0.0,25,644.875,0.0,0.044,0.0,0.0,7,2,2,3,2,2,0,0
2,1223.0,4,416.0,21,2755.67094,0.004545455,0.027575758,0.0,0.0,5,3,2,1,2,2,1,0
0,0.0,0,0.0,17,2186.961538,0.01875,0.02422619,0.0,0.0,1,1,1,1,10,2,0,0
0,0.0,0,0.0,2,35.5,0.0,0.1,0.0,0.0,1,2,6,1,11,2,1,0
17,195.4864719,1,60.5,94,2267.472565,0.002111614,0.008213489,4.511078764,0.0,7,3,2,3,2,2,0,1
7,170.8333333,1,39.0,4,45.33333333,0.0,0.011111111,0.0,0.0,6,3,2,1,2,2,0,0
0,0.0,0,0.0,4,741.4,0.05,0.075,0.0,0.0,8,2,2,7,1,2,0,0
4,264.1333333,1,152.2,47,906.1166667,0.0,0.002614379,0.0,0.0,0,3,2,3,2,0,1,0
2,15.0,0,0.0,33,2081.5,0.0,0.017142857,0.0,0.6,6,2,10,1,3,2,0,0
4,74.0,2,629.0,149,5042.458059,0.003870968,0.007285123,18.36804916,0.0,5,2,2,1,2,2,0,1
0,0.0,0,0.0,1,0.0,0.2,0.2,0.0,0.0,5,2,2,1,1,2,0,0
0,0.0,0,0.0,8,943.5,0.025,0.045833333,0.0,0.0,1,3,2,3,10,2,0,0
0,0.0,0,0.0,8,481.1666667,0.0,0.025,0.0,0.0,5,2,2,7,7,2,0,0
2,67.0,0,0.0,59,468.1916667,0.0,0.003278689,0.0,0.2,6,2,2,3,2,2,0,0
3,63.0,0,0.0,2,14.6,0.0,0.016666667,0.0,0.0,8,1,1,1,2,0,0,0
7,132.0,4,256.0666667,125,3674.803673,0.023134328,0.032705748,5.613708292,0.0,0,3,2,3,13,2,0,0
6,210.5,0,0.0,26,549.55,0.017241379,0.032758621,0.0,0.0,6,3,2,1,11,2,1,0
1,2.0,0,0.0,27,463.8333333,0.040740741,0.067530864,0.0,0.0,6,3,2,2,4,2,0,0
3,40.2,0,0.0,3,41.3,0.0,0.011111111,0.0,0.0,8,2,2,1,2,2,1,0
0,0.0,0,0.0,11,187.0,0.031818182,0.068181818,0.0,0.0,5,2,2,1,1,2,0,0
1,0.0,0,0.0,1,0.0,0.2,0.2,0.0,0.6,6,1,1,4,2,2,0,0
0,0.0,0,0.0,6,227.3333333,0.0,0.013333333,0.0,0.0,6,3,2,3,2,0,1,0
0,0.0,0,0.0,2,0.0,0.2,0.2,0.0,0.0,5,2,5,1,1,2,0,0
2,47.66666667,0,0.0,83,3025.283333,0.0,0.006504065,28.94180488,0.2,6,2,2,7,3,2,0,0
4,47.83333333,0,0.0,69,2499.990079,0.0,0.007608395,0.0,0.0,7,2,2,8,2,0,0,0
0,0.0,0,0.0,1,0.0,0.2,0.2,0.0,0.0,6,2,2,3,2,2,0,0
0,0.0,0,0.0,19,5538.916667,0.024,0.055119048,0.0,0.0,6,2,2,1,13,2,1,0
0,0.0,0,0.0,2,31.0,0.0,0.05,0.0,0.0,5,2,2,7,2,2,0,0
9,227.375,4,102.25,48,2849.482143,0.0,0.014853801,4.741626063,0.0,7,2,2,4,2,2,0,0
1,33.5,0,0.0,33,880.6333333,0.0,0.034117647,0.0,0.0,1,2,2,4,3,2,0,0
0,0.0,0,0.0,2,0.0,0.2,0.2,0.0,0.0,7,2,10,2,10,2,0,0
0,0.0,0,0.0,25,954.4702381,0.0,0.012742857,0.0,0.0,5,3,2,1,1,2,1,0
0,0.0,1,26.0,15,817.4166667,0.026666667,0.038222222,0.0,0.0,5,2,2,6,1,2,0,0
9,152.875,2,54.91666667,85,2971.254167,0.002197802,0.013631606,1.022550578,0.0,7,2,2,3,1,2,0,1
8,228.5,0,0.0,5,64.5,0.0,0.028571429,0.0,0.0,6,1,2,3,5,0,1,0
0,0.0,0,0.0,31,804.0430818,0.0,0.002090109,0.0,0.0,4,3,2,1,3,2,0,0
0,0.0,0,0.0,42,1892.005556,0.02195122,0.040859466,0.0,0.0,7,1,1,1,13,2,1,1
4,108.5333333,0,0.0,23,411.4666667,0.051851852,0.072469136,31.91414045,0.0,9,1,1,3,2,2,0,1
0,0.0,0,0.0,12,402.1666667,0.041666667,0.065,0.0,0.0,5,3,2,2,1,2,0,0
1,0.0,0,0.0,21,405.7095238,0.010743802,0.047002635,0.0,0.0,2,1,1,1,4,2,0,0
10,117.3333333,0,0.0,28,631.9896825,0.017647059,0.022794118,10.16517157,0.0,5,3,7,1,2,2,0,1
9,501.4833333,0,0.0,97,2293.490129,0.011455734,0.02697054,2.209972688,0.0,0,1,1,3,4,2,0,0
1,18.1,2,72.5,9,136.2833333,0.018181818,0.027272727,0.0,0.0,4,2,2,2,2,0,0,0
2,21.0,0,0.0,34,2600.258333,0.011111111,0.037464387,9.938399233,0.0,5,1,1,1,3,2,0,0
10,131.34,2,38.2,102,6684.520952,0.002181818,0.017363636,4.215363542,0.0,9,2,2,5,1,2,0,0
2,303.2,0,0.0,13,181.0666667,0.0,0.016666667,0.0,0.0,8,1,1,3,2,2,1,0
3,48.0,1,58.5,35,1698.0,0.005714286,0.005714286,93.52994426,0.0,7,4,1,1,2,2,1,1
0,0.0,0,0.0,20,565.6666667,0.015,0.026666667,0.0,0.0,7,2,4,6,1,2,0,0
5,63.0,0,0.0,27,458.5,0.0,0.005952381,0.0,0.0,1,2,2,6,2,0,1,0
1,25.7,0,0.0,6,143.3,0.0,0.028571429,38.27331194,0.0,3,2,5,1,4,0,0,1
0,0.0,0,0.0,31,688.1666667,0.0,0.019354839,0.0,0.0,5,4,1,1,3,2,0,0
0,0.0,0,0.0,12,697.1666667,0.0,0.016666667,0.0,0.6,6,2,4,2,6,2,0,0
0,0.0,0,0.0,9,159.0,0.0,0.022222222,0.0,0.0,5,2,2,1,2,2,1,0
0,0.0,0,0.0,3,159.5,0.0,0.066666667,0.0,0.0,7,2,4,1,3,2,0,0
12,251.8666667,0,0.0,60,1993.915257,0.005970149,0.011984127,13.09154641,0.0,6,2,2,2,1,2,0,0
4,92.0,0,0.0,21,755.0,0.0,0.004347826,0.0,0.0,7,3,2,1,2,0,0,0
0,0.0,0,0.0,1,0.0,0.2,0.2,0.0,0.0,7,6,2,9,2,2,0,0
4,316.8333333,1,13.0,73,3085.007143,0.008333333,0.02475118,2.323162162,0.2,6,3,2,1,13,2,0,0
8,305.6666667,1,0.0,35,796.25,0.005555556,0.011574074,0.0,0.0,1,1,1,3,10,2,0,0
0,0.0,0,0.0,17,557.1666667,0.023529412,0.049509804,0.0,0.0,5,3,2,1,1,2,0,0
1,57.4,0,0.0,6,303.1,0.028571429,0.014285714,0.0,0.0,4,1,2,3,2,2,0,0
0,0.0,0,0.0,19,491.6666667,0.011111111,0.012222222,0.0,0.0,5,1,1,1,6,2,1,0
0,0.0,0,0.0,1,0.0,0.2,0.2,0.0,0.0,7,3,2,3,3,2,0,0
16,235.25,1,46.66666667,74,3206.193407,0.004819277,0.019399025,10.67331708,0.6,6,2,2,3,1,2,0,0
11,82.23484848,0,0.0,440,9951.869139,0.00185022,0.01009842,1.558381388,1.0,6,2,2,1,20,2,1,0
3,67.4,0,0.0,34,544.6833333,0.0,0.01754386,0.0,0.0,9,1,1,2,2,2,0,0
3,70.4,0,0.0,9,144.0666667,0.0,0.0,0.0,0.0,8,1,1,1,3,0,0,0
11,631.4166667,5,1037.15,501,21672.24425,0.003964723,0.014292461,9.131386805,0.0,7,2,2,1,2,2,0,1
1,6.0,0,0.0,53,2241.5,0.003846154,0.026923077,0.0,0.4,6,2,4,9,20,2,0,0
6,337.0,4,693.0,261,14150.54613,0.00598336,0.026011023,0.951933747,0.0,7,2,2,3,2,2,0,1
0,0.0,0,0.0,56,2354.958333,0.0,0.018571429,0.0,0.0,7,2,2,3,2,0,1,0
2,76.6,0,0.0,28,488.91,0.014814815,0.022222222,45.19820194,0.0,4,1,2,1,1,2,1,1
0,0.0,0,0.0,15,638.6428571,0.003571429,0.053571429,0.0,0.0,5,3,2,1,1,2,0,0
2,98.0,0,0.0,81,2628.0,0.002469136,0.012345679,0.602232815,0.0,1,2,1,1,2,2,0,1
7,188.1666667,0,0.0,52,1089.642857,0.003508772,0.010233918,20.11792982,0.0,6,2,5,6,5,2,1,1
5,282.0,0,0.0,8,326.0,0.0,0.022222222,0.0,0.0,5,1,1,1,3,2,0,0
0,0.0,0,0.0,19,1065.9,0.016666667,0.04021164,0.0,1.0,6,1,1,1,6,2,1,0
0,0.0,0,0.0,9,269.7,0.0,0.033333333,0.0,0.0,1,3,2,3,10,0,0,0
0,0.0,0,0.0,20,248.4166667,0.010526316,0.033684211,0.0,0.8,6,2,2,2,13,2,0,0
0,0.0,0,0.0,22,428.45,0.004545455,0.012878788,20.88818182,1.0,6,3,2,1,2,2,1,1
4,71.33333333,0,0.0,21,295.3333333,0.016666667,0.058333333,0.0,0.0,3,2,10,3,2,2,1,1
0,0.0,0,0.0,2,68.0,0.0,0.1,0.0,0.0,2,3,2,3,3,2,0,0
0,0.0,0,0.0,4,570.2,0.0,0.05,0.0,0.0,3,2,2,9,1,2,0,0
3,509.6666667,0,0.0,19,976.3382353,0.0,0.010454545,23.62159091,0.0,6,1,1,1,2,2,1,1
1,4.0,0,0.0,24,957.9,0.025,0.032638889,22.74458333,0.4,6,3,2,6,13,2,0,1
3,29.0,0,0.0,2,7.0,0.0,0.04,0.0,0.0,1,2,2,3,2,0,0,0
0,0.0,0,0.0,5,180.3333333,0.02,0.02,0.0,0.0,5,1,1,1,3,2,1,0
0,0.0,0,0.0,1,0.0,0.2,0.2,0.0,0.0,5,2,2,7,1,2,1,0
2,9.0,1,0.0,106,6617.791228,0.009047619,0.026412307,1.777492546,0.0,7,3,2,1,1,2,1,1
0,0.0,0,0.0,1,0.0,0.2,0.2,0.0,0.0,5,3,2,3,2,2,0,0
5,58.83333333,0,0.0,128,6483.0804,0.003307888,0.012517824,3.83397413,0.0,7,2,2,2,1,2,1,0
0,0.0,0,0.0,3,45.0,0.0,0.066666667,0.0,0.0,6,2,5,1,3,2,0,0
2,58.5,0,0.0,28,968.6666667,0.013793103,0.024712644,14.02863873,0.0,7,2,5,1,3,2,0,1
3,13.33333333,4,68.5,72,1602.35,0.002747253,0.038988095,0.0,0.0,7,2,2,3,2,2,0,0
3,118.55,0,0.0,34,1948.088333,0.027027027,0.041643072,0.0,0.0,4,3,2,1,13,2,1,0
0,0.0,1,39.0,14,443.2083333,0.012,0.058222222,0.0,0.0,6,2,2,1,6,2,0,0
0,0.0,0,0.0,37,854.55,0.005405405,0.023166023,0.0,0.0,1,2,2,6,3,2,0,0
0,0.0,0,0.0,9,273.25,0.066666667,0.077777778,0.0,0.0,1,3,3,5,1,2,1,0
0,0.0,0,0.0,38,1633.833333,0.0,0.007894737,0.0,0.0,6,2,2,1,1,2,1,0
4,110.5666667,0,0.0,28,1203.72,0.00625,0.0125,0.0,0.0,7,2,2,5,2,0,1,0
0,0.0,0,0.0,3,21.25,0.0,0.066666667,0.0,0.0,7,3,2,1,2,0,1,0
1,20.0,1,115.0,50,1404.459091,0.013,0.044,0.0,0.0,1,2,2,2,2,2,1,0
1,20.2,0,0.0,77,3107.173333,0.002597403,0.017041847,18.74860165,0.0,9,2,2,7,1,2,0,1
0,0.0,0,0.0,9,89.0,0.0,0.055555556,0.0,0.0,7,2,2,9,1,2,1,0
0,0.0,0,0.0,9,153.2,0.02,0.06,27.8892456,0.0,0,2,2,7,13,2,0,1
0,0.0,0,0.0,2,46.0,0.0,0.1,0.0,0.0,6,2,4,3,4,2,0,0
0,0.0,0,0.0,19,273.7083333,0.021052632,0.035087719,0.0,0.0,7,3,2,4,11,2,1,1
0,0.0,0,0.0,23,255.6388889,0.0,0.005454545,0.0,0.0,6,3,2,4,2,2,0,0
0,0.0,0,0.0,7,40.0,0.142857143,0.157142857,0.0,0.6,6,3,2,3,4,2,0,0
0,0.0,0,0.0,69,3621.066667,0.001492537,0.02032147,0.0,0.0,7,2,1,1,2,2,0,1
11,196.15,0,0.0,141,2623.580864,0.0,0.004244028,12.50786523,0.0,7,2,2,6,2,2,0,0
2,4.0,0,0.0,10,284.0,0.0,0.016666667,33.32834503,0.0,5,2,5,1,8,0,0,1
1,23.2,0,0.0,23,290.0,0.0,0.033333333,0.0,0.0,3,2,2,8,3,2,0,0
0,0.0,0,0.0,8,72.0,0.025,0.05,0.0,0.4,6,2,2,1,4,2,0,0
2,2.0,3,261.0,10,281.0,0.0,0.042857143,0.0,0.0,5,2,2,1,2,2,0,0
3,249.0,0,0.0,8,1046.5,0.04,0.04,0.0,0.0,6,1,1,6,4,0,1,0
1,103.0,0,0.0,20,1140.666667,0.0,0.005,19.18108767,0.0,1,3,2,3,2,0,0,1
0,0.0,0,0.0,6,66.5,0.011111111,0.111111111,0.0,0.4,6,2,2,5,4,2,0,0
0,0.0,0,0.0,6,172.2083333,0.033333333,0.044444444,0.0,0.0,1,3,2,6,2,0,0,1
0,0.0,0,0.0,1,0.0,0.2,0.2,0.0,0.0,7,3,2,1,3,2,0,0
0,0.0,0,0.0,3,17.0,0.1,0.166666667,0.0,0.6,6,1,1,3,6,2,0,0
0,0.0,0,0.0,40,589.5,0.018333333,0.034416667,0.0,0.0,0,3,2,1,1,2,1,0
0,0.0,0,0.0,3,18.0,0.0,0.066666667,0.0,0.2,6,2,2,2,5,2,0,0
0,0.0,0,0.0,1,0.0,0.2,0.2,0.0,0.0,3,3,2,4,1,2,1,0
7,52.4,3,202.5,55,1995.466667,0.003333333,0.025396825,1.8315,0.0,6,2,2,6,13,2,0,0
0,0.0,0,0.0,1,0.0,0.2,0.2,0.0,0.0,5,2,4,1,1,2,0,0
0,0.0,0,0.0,7,277.0,0.0,0.042857143,0.0,0.2,6,2,2,3,4,2,0,0
0,0.0,0,0.0,3,71.16666667,0.066666667,0.083333333,0.0,0.0,7,3,2,1,3,2,0,1
0,0.0,0,0.0,23,966.3583333,0.0,0.004081633,0.0,0.0,7,3,2,7,2,2,0,0
0,0.0,0,0.0,1,0.0,0.2,0.2,0.0,0.2,6,3,2,6,3,2,0,0
6,188.5,0,0.0,25,590.6,0.0,0.003703704,0.0,0.0,0,2,2,1,2,0,1,0
2,61.5,0,0.0,15,1950.386667,0.0,0.007291667,0.0,0.0,7,2,10,2,4,2,1,0
0,0.0,0,0.0,91,2058.534091,0.021348315,0.038816034,0.0,1.0,6,2,2,3,13,2,1,0
4,52.0,1,7.0,46,3087.0,0.003773585,0.021383648,16.94643793,0.0,5,2,2,3,8,2,0,1
0,0.0,0,0.0,3,132.4,0.0,0.033333333,0.0,0.0,4,3,2,1,1,2,0,0
0,0.0,0,0.0,7,244.25,0.0,0.028571429,0.0,0.0,1,2,2,1,13,2,0,0
0,0.0,0,0.0,27,458.2560317,0.007407407,0.022222222,38.12368584,0.0,4,1,1,2,2,2,0,1
0,0.0,0,0.0,39,2827.428571,0.0,0.015789474,11.33463158,0.0,6,2,2,2,4,2,0,0
0,0.0,0,0.0,45,1594.283333,0.0,0.015227273,45.4316713,0.0,5,2,2,1,2,2,1,1
4,75.0,0,0.0,16,252.0,0.0,0.004444444,0.0,0.0,6,2,2,4,4,0,1,0
0,0.0,0,0.0,3,14.0,0.0,0.066666667,0.0,0.0,5,4,1,3,3,2,0,0
0,0.0,0,0.0,36,808.0833333,0.0,0.007619048,53.10142857,0.0,6,2,2,6,4,2,0,1
0,0.0,0,0.0,17,391.8666667,0.0,0.029411765,0.0,1.0,6,2,2,1,1,2,1,0
0,0.0,0,0.0,9,388.0,0.066666667,0.088888889,0.0,0.0,5,3,2,2,1,2,0,0
0,0.0,0,0.0,38,1355.366667,0.0,0.009259259,0.0,0.0,7,1,2,6,2,2,0,0
0,0.0,0,0.0,19,837.3666667,0.021052632,0.054586466,0.0,1.0,6,1,1,3,3,2,1,0
9,299.0833333,1,0.0,14,212.8333333,0.010526316,0.033684211,0.0,0.0,6,3,2,1,11,2,1,0
11,247.3333333,2,369.0,90,7221.0,0.001030928,0.003917526,13.46406308,0.0,5,2,2,3,8,2,0,1
0,0.0,0,0.0,7,165.0,0.042857143,0.1,0.0,0.0,5,2,2,2,3,2,0,0
4,15.5,0,0.0,15,312.7,0.01,0.045,0.0,0.8,6,4,1,3,2,2,0,0
0,0.0,0,0.0,36,472.6666667,0.075675676,0.100510511,0.0,0.8,6,3,2,7,13,2,0,0
0,0.0,0,0.0,37,856.2,0.052252252,0.108558559,0.0,0.0,9,2,2,2,1,2,0,0
0,0.0,0,0.0,1,0.0,0.2,0.2,0.0,0.0,7,3,2,1,8,0,1,0
0,0.0,0,0.0,3,69.0,0.0,0.066666667,0.0,0.0,5,2,2,2,6,2,0,0
7,424.1666667,0,0.0,13,1212.0,0.0,0.0125,0.0,0.0,6,2,4,4,4,2,0,0
8,197.7083333,6,130.5166667,35,1359.771429,0.004761905,0.018611111,34.98992634,0.0,7,3,2,1,11,2,1,0
0,0.0,0,0.0,2,19.0,0.0,0.05,0.0,0.4,6,2,2,8,2,2,0,0
2,72.6,0,0.0,9,198.7,0.0,0.018181818,0.0,0.0,9,2,2,7,6,2,1,0
0,0.0,0,0.0,1,8.0,0.0,0.0,0.0,0.0,9,2,2,2,1,2,0,0
0,0.0,0,0.0,3,78.0,0.0,0.066666667,0.0,0.0,2,1,2,6,6,2,1,0
2,94.6,1,74.6,16,199.0,0.0,0.015789474,0.0,0.0,3,1,2,9,2,0,0,0
1,8.1,0,0.0,16,2227.8,0.0,0.021428571,0.0,0.0,9,2,2,1,5,0,0,1
14,484.4615789,2,14.0,33,898.4915789,0.004269006,0.03466118,0.0,0.0,9,1,8,1,3,2,0,0
1,12.0,1,11.0,74,6194.852381,0.015540541,0.032152607,0.0,0.0,7,2,2,9,13,2,0,0
3,33.0,0,0.0,17,386.4166667,0.0,0.01,0.0,0.0,1,2,2,1,2,0,0,1
0,0.0,0,0.0,25,981.0,0.024,0.048,15.3956,0.0,6,2,4,3,1,2,0,1
5,66.4,0,0.0,39,742.6875,0.0,0.015217391,71.38981221,0.0,1,2,2,4,3,2,0,1
0,0.0,0,0.0,6,112.7083333,0.04,0.023333333,0.0,0.0,7,3,2,6,11,0,1,0
3,69.6,0,0.0,9,199.1333333,0.0,0.006060606,0.0,0.0,3,1,1,1,2,0,0,0
8,459.3333333,0,0.0,25,2408.815476,0.0,0.008333333,81.19520286,0.0,7,3,2,7,8,2,1,1
0,0.0,0,0.0,1,0.0,0.2,0.2,0.0,0.0,2,1,1,3,4,2,1,0
4,75.0,0,0.0,15,346.0,0.0,0.021052632,0.0,0.0,7,2,2,3,11,2,0,0
0,0.0,0,0.0,1,0.0,0.2,0.2,0.0,0.0,5,3,2,3,1,2,0,0
1,20.0,1,35.5,35,946.5952381,0.0,0.013333333,0.0,0.0,7,2,2,1,2,2,0,0
4,61.5,0,0.0,40,1115.878205,0.0,0.003216374,0.0,0.0,6,3,2,1,11,0,0,0
8,825.0,1,55.5,148,8629.783691,0.0095,0.019155126,1.60801626,0.0,7,1,1,2,2,2,0,0
0,0.0,0,0.0,6,156.0,0.0,0.016666667,0.0,0.2,6,2,2,5,1,2,0,0
0,0.0,0,0.0,2,37.0,0.0,0.1,0.0,0.2,6,2,2,6,3,2,0,0
3,177.88,0,0.0,12,311.6133333,0.05,0.052380952,0.0,0.0,8,3,2,2,13,2,0,0
0,0.0,1,9.0,48,1512.75,0.004081633,0.033469388,0.0,0.0,7,2,2,1,2,2,0,1
7,241.8611111,3,228.0,154,4755.224054,0.009808489,0.029142563,1.104440234,0.0,7,1,2,2,1,2,0,0
7,69.875,0,0.0,33,1051.125,0.0,0.010526316,25.12339065,0.0,7,2,2,9,11,2,1,1
1,11.0,3,27.5,154,3395.729484,0.007660455,0.012253894,19.13415285,0.8,6,3,2,4,13,2,0,0
0,0.0,0,0.0,24,1010.25,0.008333333,0.016666667,31.81967723,0.0,1,3,2,8,2,2,0,1
0,0.0,0,0.0,15,618.25,0.0,0.026666667,0.0,0.0,1,2,2,7,8,0,1,0
1,55.4,0,0.0,9,949.6,0.0,0.046666667,0.0,0.0,8,1,8,5,11,2,0,0
0,0.0,0,0.0,7,129.25,0.0,0.033333333,0.0,0.0,1,1,1,4,2,0,1,0
11,167.1666667,6,348.0,172,4086.144897,0.000555556,0.009603919,1.418440397,0.4,6,2,7,7,3,2,0,0
5,426.7,1,200.0,72,4140.333766,0.001315789,0.024597953,0.0,0.0,7,3,2,4,2,2,0,0
3,35.0,3,32.5,290,11240.97669,0.012382578,0.024237631,0.0,0.0,7,3,2,1,13,2,1,0
0,0.0,0,0.0,5,29.0,0.0,0.04,0.0,0.0,5,2,2,7,2,2,0,0
12,203.28,4,241.7,47,1975.125,0.003636364,0.015186147,0.0,0.0,7,4,2,4,2,2,0,0
10,237.8333333,2,23.0,82,1814.564286,0.002325581,0.010385835,8.495651163,0.0,6,3,2,3,2,2,0,0
0,0.0,0,0.0,18,490.3,0.011111111,0.022222222,0.0,0.0,9,2,2,1,13,2,0,0
0,0.0,0,0.0,2,41.5,0.1,0.1,0.0,0.0,1,1,1,3,1,2,1,0
0,0.0,0,0.0,3,227.5,0.0,0.022222222,0.0,0.0,5,2,2,1,3,2,0,0
0,0.0,0,0.0,3,0.0,0.2,0.2,0.0,0.0,6,3,2,6,13,2,1,0
8,355.0,0,0.0,50,1039.599344,0.000925926,0.010164456,0.0,0.0,7,1,2,3,10,2,0,0
5,243.0,0,0.0,19,500.7880952,0.0,0.017105263,0.0,0.0,6,1,1,1,4,2,0,0
4,55.0,0,0.0,2,13.0,0.0,0.028571429,0.0,0.0,1,2,10,4,2,0,0,1
7,233.0,0,0.0,45,881.7412698,0.000531915,0.029964539,11.96396809,0.2,6,1,2,4,4,2,0,0
0,0.0,0,0.0,7,362.0,0.0,0.028571429,0.0,0.0,5,2,2,1,1,2,0,0
2,98.0,0,0.0,20,401.5,0.0,0.003333333,0.0,0.0,6,2,5,1,2,2,1,0
0,0.0,0,0.0,3,44.5,0.066666667,0.133333333,0.0,0.0,1,2,2,9,3,2,0,0
0,0.0,0,0.0,3,0.0,0.2,0.2,0.0,0.0,7,3,2,6,13,2,0,0
2,166.0,2,55.0,10,1968.25,0.014285714,0.021428571,0.0,0.0,6,1,1,1,6,0,1,0
5,32.6,0,0.0,70,939.7833333,0.0,0.002702703,0.0,0.0,0,2,4,1,5,0,1,1
4,177.0,0,0.0,39,1905.152381,0.005,0.016458333,0.0,0.0,6,3,2,1,1,2,0,0
3,68.0,0,0.0,8,306.0,0.0,0.008888889,0.0,0.0,5,1,1,9,3,0,1,0
2,73.95833333,0,0.0,17,864.9983333,0.025,0.0375,27.83116147,0.0,9,3,2,4,1,2,0,1
0,0.0,0,0.0,8,32.2,0.125,0.15,0.0,0.0,4,1,1,1,3,2,0,0
2,24.42857143,7,278.1666667,76,2735.728571,0.002439024,0.024843206,8.631719512,0.0,5,2,5,2,7,2,0,1
0,0.0,0,0.0,8,561.5,0.0,0.05,0.0,0.0,1,2,4,7,20,2,0,0
0,0.0,0,0.0,76,1777.520455,0.008,0.025492063,0.0,0.0,7,1,2,1,10,2,1,0
0,0.0,0,0.0,4,123.3,0.0,0.0,67.98927956,0.0,8,1,1,1,2,2,0,1
0,0.0,0,0.0,60,1063.666667,0.014166667,0.049722222,0.0,0.0,0,2,2,2,1,2,0,0
2,28.0,0,0.0,42,1329.666667,0.0,0.002325581,80.04344186,0.0,6,2,2,1,4,2,1,1
0,0.0,0,0.0,4,47.0,0.0,0.05,0.0,0.0,7,3,2,6,1,2,0,0
1,30.0,1,0.0,38,821.1666667,0.021052632,0.049475963,0.0,0.8,6,3,2,3,4,2,0,0
0,0.0,0,0.0,35,835.0666667,0.012571429,0.044761905,0.0,0.0,5,2,2,6,1,2,0,0
7,275.0844444,0,0.0,70,806.0266667,0.0,0.002666667,0.0,0.0,8,2,5,1,2,0,0,0
0,0.0,0,0.0,39,963.1666667,0.005405405,0.028828829,9.922972973,0.6,6,2,6,2,3,2,0,0
0,0.0,0,0.0,21,434.5,0.0,0.023809524,0.0,0.0,5,2,2,7,1,2,0,0
0,0.0,0,0.0,3,6.0,0.066666667,0.133333333,0.0,0.6,6,2,2,1,1,2,0,0
1,51.5,0,0.0,27,818.3166667,0.007407407,0.017354497,0.0,0.0,7,3,2,1,13,2,0,0
1,20.2,0,0.0,13,227.6,0.0,0.0,42.29306752,0.0,3,2,2,3,3,0,0,0
6,34.4,0,0.0,44,1820.566667,0.029166667,0.055555556,15.184125,0.6,6,2,2,4,6,2,0,0
6,171.1190476,0,0.0,22,472.752381,0.028571429,0.029761905,0.0,0.0,7,3,2,2,4,2,0,0
0,0.0,0,0.0,10,416.5833333,0.0,0.036666667,0.0,0.0,1,1,1,3,2,2,0,0
0,0.0,0,0.0,25,934.3666667,0.024,0.054,0.0,0.6,6,2,2,6,13,2,0,0
0,0.0,0,0.0,33,663.2333333,0.026470588,0.059803922,0.0,0.8,6,3,2,3,13,2,0,0
0,0.0,0,0.0,12,312.0333333,0.0,0.009090909,17.808,0.0,6,2,2,8,6,2,0,1
1,3.0,1,302.0,7,539.5,0.0,0.0125,0.0,0.0,1,2,2,4,2,1,1,0
6,98.83333333,1,0.0,34,1644.857143,0.005,0.0265,0.0,0.0,6,2,5,1,1,2,0,0
3,79.75,0,0.0,3,73.5,0.04,0.077777778,0.0,0.0,5,3,2,1,2,2,0,0
7,114.75,1,15.75,21,1615.660256,0.0,0.009937888,0.0,0.0,1,2,2,8,2,0,1,0
0,0.0,0,0.0,36,572.9,0.011111111,0.038888889,0.0,0.0,1,2,2,3,2,2,0,0
0,0.0,0,0.0,3,0.0,0.2,0.2,0.0,0.2,6,3,2,1,4,2,0,0
8,119.0,0,0.0,31,1273.875,0.0,0.003921569,12.63441176,0.0,6,2,4,1,3,0,0,1
0,0.0,0,0.0,2,17.0,0.0,0.1,0.0,0.0,6,2,2,2,4,2,0,0
4,94.86666667,0,0.0,22,812.1357143,0.008333333,0.042708333,18.08644865,0.0,3,3,2,2,4,2,0,1
0,0.0,0,0.0,3,22.0,0.0,0.066666667,0.0,0.0,7,2,2,3,3,2,0,0
1,69.5,0,0.0,8,226.5,0.0,0.0125,0.0,0.0,5,3,2,1,13,2,0,0
1,3.0,0,0.0,24,342.0,0.024,0.048,0.0,0.0,8,2,2,1,1,2,0,0
3,13.0,0,0.0,28,324.7692308,0.0,0.001724138,0.0,0.0,5,2,2,1,6,2,0,0
0,0.0,0,0.0,3,19.0,0.0,0.066666667,0.0,0.0,3,2,2,3,3,2,0,0
2,76.0,1,79.0,35,2072.666667,0.007207207,0.031081081,8.1,0.8,6,2,4,7,2,2,0,0
2,229.5,0,0.0,31,1909.232143,0.0125,0.034375,17.15249937,0.0,1,2,2,3,8,2,0,1
0,0.0,0,0.0,27,1009.375,0.007407407,0.040740741,0.0,0.0,7,2,2,1,2,0,1,1
3,13.0,0,0.0,26,2058.5,0.0,0.039506173,8.887111111,1.0,6,2,2,1,3,2,1,1
0,0.0,0,0.0,22,325.75,0.0,0.031818182,0.0,0.0,5,2,10,7,2,2,0,0
3,55.05,0,0.0,18,4916.583333,0.013636364,0.018636364,20.08902391,0.0,7,2,6,5,1,2,0,1
4,65.5,0,0.0,23,783.75,0.007692308,0.030769231,0.0,0.0,7,2,5,3,1,2,1,1
5,116.2,0,0.0,38,1057.033333,0.030769231,0.05,0.0,0.0,7,1,8,1,1,2,0,0
1,29.5,0,0.0,26,1659.866667,0.008,0.016,21.81920724,0.0,7,2,5,2,1,2,0,1
3,136.0,0,0.0,39,1426.583333,0.0,0.020731707,3.941736143,0.0,7,2,2,4,2,2,0,0
5,88.83333333,0,0.0,27,494.6440476,0.0,0.006781609,0.0,0.0,7,1,1,1,2,2,0,0
5,61.4,1,0.0,8,32.1,0.028571429,0.064285714,0.0,0.0,7,3,2,3,1,2,0,0
7,143.28,0,0.0,27,787.2433333,0.005882353,0.044117647,0.0,0.0,9,1,2,3,1,2,1,0
2,38.0,0,0.0,77,1230.312302,0.0,0.003492063,79.0,0.6,6,2,4,4,2,2,0,0
2,26.66666667,0,0.0,20,819.2715686,0.007972028,0.043864469,0.0,0.0,6,2,2,1,2,2,1,0
0,0.0,1,110.0,20,402.3333333,0.028571429,0.052154195,0.0,0.6,6,2,2,3,13,2,0,0
0,0.0,0,0.0,1,0.0,0.2,0.2,0.0,0.0,1,3,2,2,10,1,0,0
1,145.5,0,0.0,26,1258.791667,0.019230769,0.018589744,0.0,0.0,7,1,1,9,2,2,0,0
2,96.75,0,0.0,103,3216.920172,0.012190476,0.030754266,0.0,0.0,1,2,2,6,2,2,1,0
1,15.0,1,0.0,62,969.15,0.001092896,0.027790788,0.0,0.0,6,2,2,3,2,2,0,0
3,70.6,0,0.0,11,93.5,0.1,0.107142857,0.0,0.0,8,1,1,1,3,2,0,0
0,0.0,0,0.0,5,182.0,0.0,0.04,0.0,0.0,5,3,2,6,1,2,0,0
1,6.0,0,0.0,27,1496.466667,0.04691358,0.069982363,7.468469311,0.0,3,3,2,3,1,2,1,0
0,0.0,0,0.0,8,181.0,0.075,0.1,0.0,0.0,5,3,2,1,13,2,1,0
0,0.0,0,0.0,74,1146.469048,0.021621622,0.031306306,0.408238132,0.0,7,2,2,1,1,2,0,0
0,0.0,0,0.0,12,499.0,0.0,0.018181818,86.388,0.0,6,2,2,6,2,0,1,1
11,383.3,2,256.3,189,15454.43857,0.007286432,0.019882747,0.0,0.0,0,2,10,2,1,2,0,0
5,118.9,4,380.7,4,188.4,0.0,0.006666667,0.0,0.0,8,4,2,1,4,2,0,0
7,120.5,0,0.0,19,1011.5,0.0,0.00952381,0.0,0.0,5,2,2,1,1,2,0,0
9,241.8416667,0,0.0,25,673.0333333,0.002150538,0.005222734,27.97341787,0.0,7,1,1,3,2,0,0,0
0,0.0,0,0.0,16,228.625,0.0,0.015,0.0,0.0,1,2,2,1,2,0,0,0
0,0.0,0,0.0,46,797.8333333,0.0,0.02384058,0.0,0.0,7,2,2,3,1,2,0,0
0,0.0,0,0.0,7,105.0,0.0,0.033333333,0.0,0.0,1,2,2,1,8,0,0,0
0,0.0,0,0.0,3,88.5,0.0,0.033333333,0.0,0.0,7,3,2,1,3,2,1,0
4,32.75,0,0.0,13,704.0,0.0,0.024285714,76.79037287,0.0,1,2,2,1,2,2,0,1
1,0.0,0,0.0,1,0.0,0.2,0.2,0.0,0.4,6,1,1,1,2,2,0,0
2,45.25,1,0.0,42,4126.448611,0.000775194,0.013436693,0.0,0.0,1,2,2,7,2,2,0,0
1,284.0,0,0.0,18,2014.416667,0.0025,0.034166667,9.964444223,0.0,7,1,1,3,2,2,1,0
2,123.0,0,0.0,14,239.0,0.0,0.0125,0.0,0.0,5,2,2,1,2,0,1,0
0,0.0,0,0.0,37,2296.25,0.0,0.014864865,0.0,0.0,7,2,2,1,13,2,0,0
0,0.0,2,27.0,40,735.5151515,0.0,0.015547416,0.0,0.0,1,3,2,3,2,2,0,0
4,69.66666667,1,23.0,161,6524.035369,0.005050505,0.013944826,45.41882207,0.0,7,2,2,3,2,2,0,1
0,0.0,0,0.0,3,558.0,0.0,0.066666667,0.0,0.0,5,4,1,3,1,2,0,0
0,0.0,0,0.0,56,3543.809524,0.004464286,0.021785714,0.0,0.0,7,2,7,5,1,2,1,0
0,0.0,0,0.0,27,1010.633333,0.0,0.012962963,0.0,0.0,4,2,2,1,2,2,0,0
3,22.2,0,0.0,2,836.2,0.0,0.04,0.0,0.0,9,2,2,8,2,0,1,0
2,9.0,4,31.0,401,12433.21865,0.006577408,0.022322606,0.0,0.0,7,2,2,1,2,2,0,1
1,27.5,3,17.0,1,10.0,0.0,0.04,0.0,0.0,7,1,1,1,8,0,0,1
7,222.8166667,1,0.0,22,1032.75,0.0,0.019230769,16.98117776,0.0,7,2,2,2,10,2,1,0
4,75.0,0,0.0,7,185.0,0.0,0.009090909,0.0,0.4,6,2,2,4,6,0,0,0
0,0.0,0,0.0,6,0.0,0.2,0.2,0.0,0.0,4,3,2,7,13,2,0,0
5,81.6,0,0.0,16,308.7,0.00952381,0.019047619,0.0,0.0,9,2,4,2,5,0,0,0
0,0.0,0,0.0,15,384.0,0.0,0.014285714,0.0,0.0,1,3,2,1,2,0,0,0
0,0.0,0,0.0,6,36.0,0.066666667,0.133333333,0.0,0.0,5,4,1,1,3,2,1,0
4,101.8,0,0.0,91,5692.211713,0.006451613,0.033623455,0.0,0.0,9,4,1,9,1,2,0,0
6,276.0,0,0.0,24,1021.2,0.014285714,0.022619048,82.4326349,0.0,1,1,1,3,1,2,1,0
8,173.4115512,0,0.0,162,5721.800123,0.001142857,0.009090249,17.79812649,0.0,8,2,2,1,1,2,0,0
10,506.3883929,1,5.0,58,2528.287431,0.001318681,0.005582418,5.552517289,0.0,7,3,2,3,10,2,0,0
3,40.0,0,0.0,19,1051.5,0.008333333,0.030555556,12.18,0.6,6,1,1,4,3,2,0,1
5,86.16666667,1,13.0,55,1546.503822,0.015577078,0.019159146,9.139760775,0.0,6,2,2,1,2,2,1,0
4,80.0,0,0.0,17,442.1666667,0.0,0.010526316,0.0,0.0,7,2,2,6,2,0,1,0
4,229.25,0,0.0,8,372.25,0.022222222,0.00952381,0.0,0.0,1,1,2,1,8,2,0,0
3,155.7,0,0.0,18,595.0,0.0,0.010526316,0.0,0.0,7,1,1,1,2,0,0,0
3,154.0,0,0.0,8,422.08,0.0,0.035185185,27.93478267,0.0,3,1,1,4,4,2,0,1
0,0.0,0,0.0,15,296.0,0.0,0.04,0.0,0.0,5,2,5,2,3,2,0,0
0,0.0,0,0.0,24,445.0,0.0,0.033333333,0.0,0.0,1,2,2,3,2,0,0,0
0,0.0,0,0.0,12,162.0,0.05,0.066666667,0.0,0.0,2,1,1,1,3,2,0,0
13,245.4,0,0.0,61,3773.3,0.005714286,0.025021645,22.37276151,0.0,8,2,2,9,3,2,0,1
0,0.0,0,0.0,24,386.75,0.016666667,0.051388889,0.0,0.0,7,2,4,1,3,2,0,0
0,0.0,0,0.0,11,822.0,0.054545455,0.063636364,0.0,0.4,6,2,2,2,4,2,0,0
3,78.5,0,0.0,10,673.0,0.015384615,0.01025641,0.0,0.6,6,1,2,1,4,0,0,0
0,0.0,0,0.0,9,210.5,0.044444444,0.071111111,0.0,0.2,6,2,5,1,3,2,0,0
6,197.25,0,0.0,51,3296.940476,0.0,0.008595388,3.507532249,0.0,7,1,1,1,3,2,1,0
13,662.3392857,0,0.0,81,4284.422619,0.002298851,0.022822804,2.647620068,0.0,1,1,1,6,2,2,1,1
5,488.462963,0,0.0,56,3327.537566,0.006578947,0.022060248,0.0,0.0,1,2,2,3,1,2,0,0
1,23.2,1,73.6,17,566.5666667,0.0,0.0,0.0,0.0,3,1,1,1,2,2,0,0
0,0.0,0,0.0,17,399.5,0.017647059,0.047058824,0.0,0.0,1,2,2,1,2,2,0,0
0,0.0,0,0.0,3,26.0,0.0,0.05,0.0,0.0,5,3,2,1,1,2,0,0
0,0.0,0,0.0,7,330.1666667,0.0,0.021428571,0.0,0.0,1,3,2,9,2,2,0,0
6,128.5,1,0.0,32,796.7066667,0.027027027,0.041441441,0.0,0.0,7,2,4,1,1,2,1,0
1,47.5,0,0.0,15,1330.3,0.0,0.005128205,0.0,0.0,5,2,4,2,10,2,0,0
0,0.0,0,0.0,35,1192.386111,0.005714286,0.028571429,0.0,0.0,5,2,4,2,2,2,0,0
0,0.0,0,0.0,1,0.0,0.2,0.2,0.0,0.0,6,3,2,3,13,2,0,0
0,0.0,2,193.5,29,2141.902778,0.029032258,0.042319508,0.0,0.0,1,2,2,1,3,2,0,0
8,256.5,1,0.0,57,1319.366667,0.006774194,0.032699169,3.373062968,0.0,7,3,2,3,2,2,1,1
11,240.1,1,0.0,33,668.0333333,0.0,0.018119658,0.0,0.0,0,2,4,7,2,0,1,0
0,0.0,0,0.0,4,107.0,0.0,0.05,0.0,0.6,6,3,2,3,13,2,0,0
6,102.5,1,10.0,23,237.25,0.0,0.005185185,0.0,0.0,6,2,2,1,4,2,0,0
12,251.6190476,1,44.0,69,2269.732143,0.0,0.007,0.093546949,0.0,1,2,2,3,2,2,0,1
14,416.3928571,6,449.3333333,258,11301.20416,0.0,0.00742538,33.6117917,0.0,5,2,4,9,2,2,0,1
0,0.0,0,0.0,1,40.0,0.0,0.1,0.0,0.0,5,3,2,1,10,2,0,0
3,163.375,0,0.0,4,24.0,0.0,0.028571429,0.0,0.0,7,2,2,1,3,2,1,0
10,242.6333333,4,23.0,47,1534.815256,0.022807018,0.036908939,5.194081873,0.0,9,1,1,1,3,2,0,0
6,91.25,0,0.0,56,955.5432151,0.007494145,0.010650662,0.0,0.0,7,3,2,4,2,2,1,1
0,0.0,0,0.0,16,462.7333333,0.0125,0.046875,0.0,0.0,6,1,1,1,3,2,0,0
0,0.0,0,0.0,24,968.6924242,0.0,0.0,106.2525169,0.0,7,1,1,9,2,2,0,1
3,143.625,0,0.0,63,2801.131746,0.003030303,0.012987013,9.078681618,0.0,7,3,2,1,2,2,0,1
2,17.0,1,105.0,9,148.25,0.02,0.022,0.0,0.0,5,3,2,1,1,2,0,0
3,1499.571429,1,186.0,31,2905.943651,0.0,0.010215054,0.0,0.0,5,2,6,7,1,2,0,0
0,0.0,0,0.0,12,323.0,0.033333333,0.066666667,0.0,0.0,5,2,2,1,3,2,1,0
5,107.0,2,15.0,250,8622.38,0.005670471,0.02250017,0.0,0.0,7,3,2,1,1,2,0,1
0,0.0,0,0.0,9,482.0,0.0,0.022222222,0.0,0.0,2,2,5,1,6,2,0,0
0,0.0,0,0.0,2,10.0,0.0,0.1,0.0,0.0,6,1,1,1,3,2,0,0
0,0.0,0,0.0,19,583.1666667,0.010526316,0.030701754,0.0,0.8,6,2,4,1,3,2,0,0
3,238.4,0,0.0,8,132.2333333,0.0,0.007407407,0.0,0.0,6,3,2,1,18,2,0,0
2,187.9,4,100.1,29,2107.033333,0.0,0.024242424,0.0,0.0,8,1,1,3,1,2,0,0
3,168.75,0,0.0,36,1262.833333,0.0,0.004054054,20.39448649,0.0,6,2,2,3,4,2,1,1
0,0.0,0,0.0,3,0.0,0.2,0.2,0.0,0.0,6,2,2,1,3,2,0,0
3,22.83333333,0,0.0,115,2625.009524,0.0,0.004013317,0.0,0.0,5,2,5,6,1,2,0,0
3,36.2,0,0.0,2,4.0,0.0,0.04,27.79373861,0.0,8,2,2,6,2,0,1,0
1,162.2,0,0.0,6,156.2,0.014285714,0.1,0.0,0.0,3,3,2,3,1,2,0,0
13,112.2666667,0,0.0,49,1503.490909,0.0,0.003508772,0.0,0.0,5,2,2,2,2,0,0,0
1,28.25,1,0.0,10,128.5,0.030555556,0.085119048,0.0,0.0,7,3,2,3,6,2,1,0
5,72.425,2,72.0,33,1143.657143,0.0,0.015888889,4.230212245,0.0,6,2,2,2,1,2,1,0
0,0.0,0,0.0,7,116.8,0.028571429,0.114285714,0.0,0.0,3,2,2,6,13,2,0,0
5,125.75,0,0.0,44,1113.309524,0.008333333,0.015625,18.9160732,0.0,1,3,2,1,1,2,0,0
0,0.0,0,0.0,15,221.0,0.0,0.035555556,0.0,0.0,6,2,4,1,1,2,0,0
0,0.0,0,0.0,12,259.5,0.008333333,0.033333333,0.0,0.0,6,2,4,6,6,2,0,0
0,0.0,0,0.0,15,340.1,0.0,0.04,0.0,0.0,0,2,2,1,1,2,0,0
4,1172.0,0,0.0,19,1542.791667,0.00952381,0.042857143,0.0,0.0,1,2,2,3,1,2,0,0
0,0.0,0,0.0,12,407.0,0.0,0.033333333,0.0,0.0,5,2,2,4,3,2,0,0
0,0.0,0,0.0,0,0.0,0.2,0.2,0.0,0.0,6,2,2,8,3,2,0,0
0,0.0,0,0.0,21,795.3611111,0.041269841,0.058571429,0.0,0.0,1,1,2,1,3,2,0,0
0,0.0,0,0.0,75,1289.25,0.005479452,0.017351598,11.8290411,0.8,6,2,2,1,4,2,0,1
1,5.0,0,0.0,44,630.3166667,0.025,0.044223485,0.0,0.0,6,2,2,6,3,2,0,0
4,12.0,0,0.0,28,580.65,0.0,0.016666667,0.0,0.0,3,1,2,1,4,2,0,0
2,29.0,0,0.0,61,1617.519048,0.013978495,0.030295699,0.0,0.0,7,3,2,8,2,2,1,0
1,174.0,0,0.0,9,272.0,0.013333333,0.073333333,0.0,0.0,6,1,1,3,4,2,0,0
4,124.6,0,0.0,4,71.0,0.0,0.028571429,0.0,0.0,3,3,3,4,1,0,0,0
0,0.0,0,0.0,18,5188.5,0.0,0.05,0.0,0.0,5,2,5,1,1,2,0,0
3,64.5,0,0.0,14,671.625,0.0,0.030625,0.0,0.0,7,1,1,3,2,2,1,0
2,112.8,0,0.0,27,1555.967143,0.0,0.001724138,44.85638692,0.0,7,1,1,4,2,0,0,1
0,0.0,0,0.0,50,1149.433333,0.012,0.026383333,4.5476,0.0,6,4,1,1,4,2,0,1
0,0.0,0,0.0,10,1186.6,0.02,0.08,0.0,0.0,0,2,5,1,3,2,0,0
0,0.0,0,0.0,11,210.0,0.009090909,0.024242424,0.0,0.0,6,2,2,8,2,2,0,0
4,242.8,0,0.0,7,238.6,0.018181818,0.063636364,0.0,0.0,8,2,2,1,2,2,1,0
3,397.7,4,1093.3,66,4152.7631,0.014979592,0.017561939,6.282904602,0.0,9,3,2,8,4,2,1,0
0,0.0,0,0.0,3,313.0,0.0,0.033333333,0.0,0.0,6,2,10,5,4,2,1,0
2,17.0,2,23.0,70,2218.276547,0.018,0.035693651,5.185165143,0.8,6,3,2,3,2,2,0,0
1,115.0,0,0.0,48,1129.214286,0.008163265,0.010945092,0.0,0.0,6,1,1,2,1,2,0,0
0,0.0,0,0.0,22,815.8333333,0.0,0.01,0.0,0.0,6,2,4,1,1,2,0,0
0,0.0,0,0.0,20,724.1333333,0.074074074,0.083333333,0.0,0.6,6,3,3,3,4,2,0,0
0,0.0,0,0.0,49,2990.3125,0.012244898,0.038231293,0.0,0.0,7,3,2,7,13,2,0,0
0,0.0,0,0.0,33,1703.321429,0.0,0.042424242,0.0,0.6,6,2,5,3,1,2,0,0
4,59.25,0,0.0,9,139.25,0.015384615,0.031538462,0.0,0.0,5,3,2,1,2,2,0,0
6,186.5,0,0.0,16,476.25,0.011111111,0.038888889,16.04403014,0.0,1,2,2,3,1,2,0,1
1,19.4,0,0.0,18,1077.373333,0.034126984,0.035714286,18.22752549,0.0,7,3,2,9,2,2,0,0
1,21.0,0,0.0,20,973.5833333,0.00952381,0.016190476,0.0,0.0,6,2,2,3,4,2,1,0
5,176.0,0,0.0,15,537.2,0.011764706,0.023529412,27.664,0.6,6,2,2,2,6,2,0,1
0,0.0,0,0.0,2,0.0,0.2,0.2,0.0,0.0,3,1,1,3,1,2,0,0
7,168.7,0,0.0,34,1062.704762,0.005405405,0.013719827,0.0,0.0,9,2,2,3,2,0,0,0
0,0.0,2,3.0,22,1904.183333,0.016666667,0.052777778,0.0,0.0,7,2,2,2,11,2,0,0
0,0.0,0,0.0,1,0.0,0.2,0.2,0.0,0.0,6,3,2,4,13,2,0,0
0,0.0,0,0.0,13,472.9952381,0.015384615,0.030769231,0.0,0.0,6,2,4,2,3,2,1,0
0,0.0,0,0.0,13,218.6666667,0.107692308,0.111538462,0.0,0.0,3,2,2,1,1,2,0,0
0,0.0,0,0.0,7,55.0,0.057142857,0.114285714,0.0,0.0,5,2,2,1,1,2,0,0
0,0.0,0,0.0,4,66.0,0.0,0.025,0.0,0.0,1,2,2,4,2,2,0,0
3,119.0,1,86.0,25,413.7222222,0.0,0.013076923,15.40042308,0.0,6,1,1,7,4,2,0,0
8,166.7,0,0.0,9,171.7,0.016666667,0.05,0.0,0.0,7,2,2,1,3,2,0,0
0,0.0,0,0.0,2,73.0,0.05,0.15,0.0,0.0,5,2,2,1,1,2,0,0
0,0.0,1,6.0,39,720.15,0.005128205,0.017948718,0.0,0.0,7,2,4,7,2,2,0,0
0,0.0,0,0.0,1,0.0,0.2,0.2,0.0,0.0,1,3,2,3,1,2,1,0
0,0.0,0,0.0,2,107.8,0.0,0.1,0.0,0.0,0,2,2,5,13,2,0,0
8,340.9333333,0,0.0,26,1076.861905,0.0,0.014942529,11.9331881,0.0,1,1,1,1,8,0,1,0
1,20.5,1,13.0,57,1518.903694,0.0,0.022947455,13.40247586,0.0,6,2,2,1,4,2,0,0
0,0.0,0,0.0,20,298.5,0.01,0.04,0.0,0.0,6,2,4,3,1,2,0,0
0,0.0,0,0.0,5,120.79,0.0,0.00952381,11.80891356,0.0,4,2,2,1,2,2,0,1
0,0.0,2,38.2,121,3362.749679,0.025170765,0.042322417,4.212415755,0.0,3,1,1,1,3,2,0,0
0,0.0,0,0.0,2,84.0,0.15,0.166666667,0.0,0.0,7,3,2,6,3,2,1,0
0,0.0,0,0.0,14,152.0,0.057142857,0.057142857,0.0,0.0,1,1,1,4,3,2,0,0
3,14.0,0,0.0,154,4712.769322,0.001282051,0.014267214,3.890350183,0.0,6,2,5,6,3,2,0,0
1,8.0,0,0.0,6,189.75,0.0,0.019047619,0.0,0.0,7,1,1,7,2,2,0,0
0,0.0,0,0.0,39,905.6,0.012820513,0.021245421,0.0,0.0,6,3,2,1,3,2,0,0
1,78.0,0,0.0,2,25.75,0.0,0.066666667,0.0,0.0,7,4,2,6,8,0,0,0
1,29.0,1,13.5,24,1005.849206,0.0,0.007986111,0.0,0.0,5,1,1,3,3,2,0,0
0,0.0,0,0.0,1,0.0,0.2,0.2,0.0,0.0,1,1,1,4,1,2,1,0
0,0.0,0,0.0,4,32.0,0.0,0.05,0.0,0.0,1,2,2,3,2,2,0,0
0,0.0,0,0.0,4,27.5,0.1,0.15,0.0,0.0,1,3,2,1,13,2,0,0
1,5.0,0,0.0,7,1252.766667,0.025,0.021428571,0.0,0.0,9,1,2,7,4,2,0,0
0,0.0,0,0.0,18,217.0,0.005555556,0.031481481,0.0,0.8,6,1,1,1,1,2,0,0
2,49.0,1,127.0,4,188.0,0.033333333,0.0375,0.0,0.0,5,3,2,3,2,2,0,0
3,24.75,0,0.0,2,74.75,0.0,0.022222222,0.0,0.0,7,2,2,3,2,0,0,1
4,97.2,2,16.0,26,690.5666667,0.0,0.003703704,59.33984611,0.0,3,2,4,8,2,2,0,1
0,0.0,0,0.0,2,63.0,0.0,0.05,0.0,0.0,5,3,2,1,1,2,0,0
10,143.5833333,1,92.0,245,7793.158685,0.001587302,0.004610177,59.42458922,0.0,7,3,2,1,8,2,0,1
0,0.0,0,0.0,2,11.0,0.088888889,0.188888889,0.0,0.0,1,2,2,2,2,2,1,0
8,107.7,0,0.0,8,135.0666667,0.0,0.005128205,0.0,0.0,4,2,2,1,5,0,0,0
0,0.0,0,0.0,5,186.0666667,0.146666667,0.15952381,0.0,0.0,4,3,2,1,13,2,0,0
0,0.0,0,0.0,80,3279.407576,0.01875,0.041944444,0.0,0.4,6,2,4,7,2,2,0,0
4,68.5,2,845.0,82,2448.784448,0.000374532,0.008907697,6.506831398,0.0,5,1,1,2,2,2,0,1
3,55.75,0,0.0,55,1139.638889,0.003508772,0.03245614,6.190582078,0.0,1,2,2,3,10,2,0,0
0,0.0,0,0.0,11,220.5,0.027272727,0.072727273,0.0,0.0,1,3,2,7,1,2,1,0
11,348.6547619,1,11.0,64,1229.289286,0.0,0.002493853,54.95126905,0.0,5,2,2,1,2,0,0,0
0,0.0,0,0.0,89,3480.811706,0.002247191,0.014700375,0.0,0.0,7,4,2,1,1,2,1,1
0,0.0,0,0.0,22,555.8666667,0.00952381,0.019047619,0.0,0.0,6,3,2,3,13,2,1,0
1,12.0,0,0.0,4,63.4,0.0,0.04,0.0,0.0,8,1,8,6,20,0,0,0
7,93.5,0,0.0,101,2186.145833,0.0,0.004807692,32.13922216,0.0,7,2,2,1,1,2,0,0
0,0.0,0,0.0,1,0.0,0.2,0.2,0.0,0.0,5,2,4,1,1,2,0,0
0,0.0,0,0.0,3,11.0,0.033333333,0.166666667,0.0,0.6,6,2,4,1,6,2,0,0
0,0.0,0,0.0,3,52.0,0.0,0.066666667,0.0,0.0,5,2,5,8,3,2,1,0
0,0.0,0,0.0,21,1686.333333,0.0,0.030952381,0.0,0.0,5,2,5,2,1,2,0,0
0,0.0,0,0.0,19,557.35,0.0,0.029824561,0.0,0.0,7,1,1,3,3,2,1,0
0,0.0,0,0.0,2,7.0,0.05,0.15,0.0,0.2,6,2,2,7,4,2,0,0
0,0.0,0,0.0,19,540.3333333,0.0,0.044736842,0.0,0.0,7,2,2,1,10,2,1,0
2,21.0,6,182.7916667,82,1836.214249,0.004545455,0.025181135,0.0,0.0,1,3,2,3,2,2,0,0
0,0.0,0,0.0,5,256.5,0.0,0.04,0.0,0.0,1,2,2,3,3,2,0,0
0,0.0,0,0.0,1,0.0,0.2,0.2,0.0,0.0,1,3,2,9,1,2,1,0
0,0.0,0,0.0,15,298.1666667,0.013333333,0.044444444,0.0,0.4,6,2,10,9,3,2,0,0
2,114.0,0,0.0,11,427.0,0.014285714,0.042857143,39.42,0.0,6,2,2,1,2,2,0,0
11,225.5,7,258.25,40,1352.833333,0.002,0.015733333,0.0,0.0,1,3,2,1,2,2,1,0
0,0.0,0,0.0,11,673.0,0.018181818,0.063636364,0.0,0.0,5,2,6,1,1,2,0,0
10,293.0,0,0.0,29,1219.516667,0.0,0.015135135,8.897594595,0.0,6,2,2,3,2,2,1,0
1,43.0,0,0.0,37,1505.166667,0.0,0.005263158,0.0,0.0,5,2,2,4,8,0,0,0
0,0.0,0,0.0,18,545.5,0.0,0.011111111,0.0,0.0,7,2,2,1,3,2,0,0
0,0.0,0,0.0,6,78.66666667,0.0,0.033333333,0.0,0.0,6,2,2,5,4,0,0,0
0,0.0,0,0.0,9,315.6,0.022222222,0.037037037,0.0,0.0,6,2,2,2,7,2,0,0
6,279.0,2,69.5,41,1430.25,0.0,0.009929078,3.836079931,0.0,1,2,2,2,7,2,0,1
0,0.0,0,0.0,8,135.25,0.0,0.05,0.0,0.0,7,2,2,9,1,2,0,0
4,158.2,0,0.0,62,4402.25,0.0,0.001041667,246.7585902,0.0,8,4,1,8,2,0,0,0
0,0.0,0,0.0,2,54.0,0.05,0.15,0.0,0.0,6,1,1,1,1,2,0,0
0,0.0,0,0.0,2,0.0,0.2,0.2,0.0,0.0,6,2,2,1,4,2,0,0
4,31.70833333,1,4.0,51,946.3934211,0.02254902,0.035630252,10.37175846,0.0,7,1,1,3,2,2,0,0
0,0.0,0,0.0,1,0.0,0.2,0.2,0.0,0.0,6,6,2,3,5,2,0,0
3,52.33333333,0,0.0,2,291.0,0.0,0.04,0.0,0.0,6,2,2,7,3,0,0,0
0,0.0,0,0.0,6,81.0,0.08,0.133333333,0.0,1.0,6,1,1,2,4,2,1,0
0,0.0,0,0.0,6,192.875,0.0,0.016666667,0.0,0.0,1,8,13,9,20,1,0,0
0,0.0,0,0.0,28,623.9666667,0.023214286,0.036309524,0.0,0.6,6,3,2,1,6,2,0,0
1,137.5,1,59.4,53,1844.65,0.022641509,0.049595687,0.0,0.0,4,4,2,1,3,2,0,0
8,574.55,0,0.0,15,571.4238596,0.031578947,0.029645043,0.0,0.0,8,3,2,4,2,2,0,0
0,0.0,0,0.0,11,161.0,0.0,0.018181818,0.0,0.0,6,2,2,1,1,2,0,0
0,0.0,0,0.0,1,0.0,0.2,0.2,0.0,0.0,7,2,4,1,2,2,0,0
0,0.0,0,0.0,113,5178.531731,0.003896104,0.030191572,0.0,0.0,7,2,2,3,2,2,0,1
2,71.1,0,0.0,11,529.8,0.0,0.004545455,0.0,0.0,8,2,2,2,2,2,0,0
0,0.0,0,0.0,1,0.0,0.2,0.2,0.0,0.0,6,2,2,7,4,2,0,0
6,342.1,0,0.0,82,895.1111111,0.002325581,0.004844961,0.0,0.0,9,2,2,1,3,2,0,0
0,0.0,0,0.0,37,2152.588889,0.001081081,0.017747748,0.0,0.0,1,3,3,3,3,2,0,0
10,396.960452,6,168.8333333,280,9247.383869,0.003424658,0.016184197,7.983438638,0.0,7,2,2,7,2,2,1,0
3,92.16666667,1,39.0,46,1388.866667,0.004166667,0.029444444,24.40764444,0.0,6,2,4,2,2,2,0,0
4,66.76,0,0.0,10,267.9,0.0,0.002777778,0.0,0.0,0,2,2,7,2,0,0,0
10,779.45,0,0.0,39,1002.491667,0.01875,0.033796296,0.0,0.0,7,3,2,1,3,2,0,0
0,0.0,0,0.0,2,12.0,0.1,0.1,0.0,0.0,9,4,1,1,2,2,0,0
3,30.75,0,0.0,17,473.1666667,0.013333333,0.0225,0.0,0.0,7,1,2,3,3,2,0,0
11,155.6,0,0.0,12,248.6,0.0,0.008823529,0.0,0.0,0,2,7,1,5,0,0,0
9,524.9333333,2,30.66666667,31,1157.444833,0.005698006,0.02881889,10.79674946,0.0,7,2,2,3,1,2,1,0
4,47.5,0,0.0,16,331.3333333,0.0,0.010526316,254.6071579,0.0,6,2,5,1,2,0,0,1
0,0.0,0,0.0,24,981.1666667,0.051388889,0.084722222,0.0,0.0,6,2,2,1,11,2,1,0
4,59.4,0,0.0,19,157.2,0.010526316,0.021052632,0.0,0.0,9,2,5,3,2,0,1,0
0,0.0,0,0.0,27,1192.22619,0.0,0.0016,0.0,0.0,6,3,2,3,4,2,1,0
2,172.0,0,0.0,61,3374.916667,0.001111111,0.021388889,0.0,0.0,6,2,2,2,1,2,0,0
1,74.0,0,0.0,49,1616.083333,0.004,0.016,0.0,0.0,5,2,2,6,1,2,0,0
1,15.1,0,0.0,9,248.05,0.0,0.01875,0.0,0.0,9,3,2,4,4,0,0,0
0,0.0,0,0.0,8,143.25,0.0,0.05,0.0,0.0,1,2,2,1,1,2,0,0
6,172.125,0,0.0,122,2767.366071,0.000533333,0.004071111,39.75249992,0.0,1,4,1,1,2,2,0,0
0,0.0,0,0.0,16,2214.666667,0.0,0.003921569,92.9041786,0.0,8,2,2,1,2,0,0,1
0,0.0,0,0.0,5,22.0,0.08,0.12,0.0,0.0,6,3,2,3,13,2,0,0
0,0.0,0,0.0,10,570.5,0.0,0.02,0.0,0.6,6,2,4,1,3,2,0,0
1,16.0,0,0.0,77,3586.833333,0.0,0.012575758,0.0,0.0,1,2,2,1,2,2,0,0
0,0.0,0,0.0,21,598.6,0.0,0.038095238,0.0,0.6,6,2,4,1,4,2,0,0
0,0.0,0,0.0,19,809.1666667,0.031578947,0.051578947,0.0,0.6,6,2,2,4,3,2,0,0
3,95.83333333,6,303.65,13,438.3833333,0.0,0.016666667,0.0,0.0,4,4,1,1,2,2,1,0
0,0.0,0,0.0,5,184.0,0.0,0.04,0.0,0.0,7,4,1,4,2,2,0,0
6,174.75,2,123.0,33,773.2566667,0.010810811,0.022972973,31.74373458,0.0,7,3,2,1,2,2,0,1
0,0.0,0,0.0,3,408.0,0.0,0.033333333,0.0,0.0,7,2,2,4,3,2,0,0
0,0.0,0,0.0,3,242.0,0.066666667,0.133333333,0.0,0.0,6,3,2,4,3,2,0,0
0,0.0,2,101.7,42,1892.198319,0.0,0.004545455,153.5776975,0.0,0,2,2,1,1,2,0,1
0,0.0,0,0.0,20,518.6666667,0.0,0.011111111,0.0,0.0,5,2,2,2,1,2,0,0
0,0.0,0,0.0,25,527.5,0.0,0.003466667,0.0,0.8,6,2,2,1,4,2,0,0
0,0.0,0,0.0,10,133.8333333,0.0,0.020779221,0.0,0.4,6,3,2,4,13,2,0,0
16,155.6313131,0,0.0,32,908.013456,0.005,0.01805276,4.368515556,0.0,5,2,2,3,2,2,0,1
0,0.0,0,0.0,20,950.3285714,0.072108844,0.086507937,0.0,1.0,6,2,2,4,1,2,1,0
1,0.0,0,0.0,18,224.5,0.0375,0.0625,0.0,0.0,6,3,2,4,4,2,1,0
2,109.8,0,0.0,32,897.3619048,0.005882353,0.035620915,0.0,0.0,9,2,10,4,2,2,0,0
0,0.0,0,0.0,3,10.0,0.0,0.066666667,0.0,0.0,5,2,2,7,1,2,0,0
0,0.0,0,0.0,1,0.0,0.2,0.2,0.0,0.8,6,2,2,1,1,2,0,0
6,129.0208333,0,0.0,56,755.4178922,0.001724138,0.015842912,0.0,0.0,7,1,1,1,10,2,1,0
2,112.25,0,0.0,9,97.41666667,0.018181818,0.036363636,0.0,0.0,1,3,2,3,2,0,0,0
2,91.0,3,865.0,27,1244.833333,0.0,0.006896552,0.0,0.0,5,2,2,1,2,0,1,0
9,354.2916667,0,0.0,79,4409.3,0.007228916,0.011546722,12.07905093,0.0,7,3,2,2,3,2,0,1
0,0.0,0,0.0,13,281.547619,0.003846154,0.017307692,0.0,0.0,5,1,1,2,2,2,1,0
0,0.0,0,0.0,40,1161.9,0.055,0.08,0.0,0.0,9,1,8,6,1,2,0,0
9,303.8666667,0,0.0,72,3752.66697,0.007042254,0.007280349,0.0,0.0,7,1,1,1,3,2,0,0
0,0.0,0,0.0,24,272.0,0.056,0.090666667,0.0,0.8,6,3,2,3,4,2,0,0
7,161.0,3,775.5,19,4996.666667,0.008,0.026,14.10053333,0.0,5,2,4,8,2,2,0,1
0,0.0,0,0.0,2,28.2,0.0,0.1,0.0,0.0,3,2,2,1,1,2,0,0
0,0.0,0,0.0,5,62.0,0.12,0.14,0.0,0.0,5,3,2,3,1,2,0,0
1,12.0,0,0.0,6,74.0,0.0,0.028571429,0.0,0.0,5,1,1,1,10,2,0,0
0,0.0,0,0.0,7,360.75,0.0,0.033333333,0.0,0.0,5,1,1,1,2,0,1,0
0,0.0,0,0.0,3,1952.5,0.066666667,0.122222222,0.0,0.0,7,1,1,2,1,2,0,0
0,0.0,0,0.0,21,1535.0,0.01,0.048333333,0.0,0.0,7,2,2,7,3,2,0,0
4,96.6,0,0.0,15,276.7333333,0.010526316,0.021052632,69.46239458,0.0,8,2,2,1,4,2,1,1
0,0.0,0,0.0,1,0.0,0.2,0.2,0.0,0.0,3,3,2,4,1,2,0,0
1,11.0,1,8.0,79,2693.582331,0.0,0.003430424,0.0,0.0,1,1,1,3,2,2,0,0
0,0.0,0,0.0,17,284.25,0.0,0.011764706,0.0,0.0,2,3,2,6,2,2,1,0
5,217.6666667,0,0.0,18,494.6666667,0.0,0.019931973,33.14514286,0.0,5,3,2,1,2,2,0,1
4,77.66666667,0,0.0,8,159.75,0.016666667,0.038888889,0.0,0.0,7,3,2,3,2,2,0,1
4,133.8,2,54.4,13,421.7857143,0.0,0.023529412,0.0,0.0,7,1,1,3,2,0,0,0
0,0.0,0,0.0,5,164.0,0.0,0.04,0.0,0.0,6,4,1,1,1,2,0,0
0,0.0,0,0.0,6,954.5,0.0,0.066666667,0.0,0.4,6,2,2,3,4,2,0,0
4,86.6,0,0.0,12,193.75,0.008888889,0.016666667,0.0,0.0,6,1,2,3,5,2,0,0
1,19.6,0,0.0,0,0.0,0.0,0.088888889,0.0,0.0,8,3,5,1,5,2,0,0
0,0.0,0,0.0,69,2243.676587,0.0,0.002985075,97.9922066,0.0,7,2,2,2,2,2,0,1
0,0.0,0,0.0,37,698.5416667,0.003809524,0.015238095,0.0,0.0,7,2,2,6,11,2,0,0
9,115.4,0,0.0,29,1514.703333,0.005,0.011342593,4.702065533,0.0,3,3,2,8,1,2,1,0
1,206.0,2,69.5,65,1140.791667,0.0,0.020707071,6.641911419,0.0,7,2,2,4,2,2,0,1
0,0.0,0,0.0,23,1166.333333,0.0,0.02826087,22.2993913,0.0,6,2,2,6,2,2,0,0
0,0.0,0,0.0,10,269.0,0.0,0.02,0.0,0.0,6,2,2,3,2,2,0,0
0,0.0,0,0.0,8,362.75,0.025,0.075,0.0,0.0,7,2,5,3,8,2,0,0
1,105.0,1,0.0,59,1125.904762,0.0,0.014043584,0.0,0.0,1,3,2,3,2,2,0,0
2,126.0,0,0.0,6,127.1666667,0.05,0.04375,0.0,0.0,1,3,2,5,3,2,1,0
0,0.0,0,0.0,13,98.66666667,0.015384615,0.046153846,0.0,0.0,1,2,2,3,13,2,0,0
0,0.0,0,0.0,4,42.0,0.0,0.05,0.0,0.0,1,2,10,1,2,2,0,0
0,0.0,0,0.0,15,751.8,0.026666667,0.04,0.0,0.0,5,1,2,2,1,2,0,0
1,41.4,0,0.0,30,558.6111111,0.009090909,0.046464646,0.0,0.0,9,2,10,2,1,2,0,1
3,53.5,0,0.0,82,3801.680397,0.010714286,0.03015873,0.906375967,0.0,9,2,2,1,4,2,0,0
6,55.0,1,7.0,132,4056.175369,0.005882353,0.019282953,0.0,0.0,5,2,2,8,2,2,0,0
1,37.0,0,0.0,10,240.4166667,0.018181818,0.022727273,0.0,0.0,6,2,2,3,3,0,1,0
0,0.0,0,0.0,37,638.25,0.005555556,0.016666667,0.0,0.0,7,2,2,4,1,2,0,1
6,408.2,0,0.0,33,878.6238095,0.0,0.02045045,19.3654955,0.0,5,2,2,1,2,2,0,1
8,246.5333333,0,0.0,79,2150.433333,0.007228916,0.020883534,17.35448787,0.0,7,1,1,1,3,2,0,0
0,0.0,0,0.0,2,52.0,0.0,0.1,0.0,0.0,2,1,1,1,3,2,0,0
7,94.84,0,0.0,43,1487.229317,0.004545455,0.019638695,0.0,0.0,8,2,4,1,2,2,0,0
3,27.53333333,1,0.0,45,3141.258333,0.02173913,0.040017253,6.673695652,1.0,6,3,2,1,3,2,1,1
9,223.0,1,93.0,76,2893.940476,0.002409639,0.014859438,1.935491302,0.0,7,1,2,3,8,2,0,0
0,0.0,0,0.0,1,0.0,0.2,0.2,0.0,0.0,6,1,1,6,4,2,1,0
0,0.0,0,0.0,22,246.6458333,0.009090909,0.047727273,0.0,0.0,7,3,2,7,10,2,1,0
1,32.0,0,0.0,18,299.5,0.015789474,0.022807018,19.448,0.0,6,2,2,5,1,2,1,1
2,33.4,0,0.0,35,1795.925,0.0,0.01,0.0,0.0,7,2,2,1,3,2,0,0
1,53.0,0,0.0,19,1007.9,0.0,0.005555556,0.0,0.0,6,1,1,3,4,0,0,0
0,0.0,0,0.0,1,0.0,0.2,0.2,0.0,0.4,6,1,1,7,6,2,0,0
0,0.0,0,0.0,4,163.0,0.05,0.1,0.0,0.0,1,2,2,3,11,2,0,0
0,0.0,0,0.0,1,0.0,0.0,0.1,0.0,0.0,5,2,2,2,6,2,0,0
0,0.0,0,0.0,19,1440.166667,0.026315789,0.040350877,0.0,0.0,7,1,1,1,1,2,0,0
5,159.0,0,0.0,17,438.4333333,0.003030303,0.027272727,0.0,0.0,5,1,1,3,3,2,0,0
8,114.5,0,0.0,36,513.4,0.004166667,0.035238095,16.09065,0.6,6,2,2,1,3,2,0,0
0,0.0,2,207.25,114,3788.8,0.003478261,0.010434783,1.795451001,0.0,1,2,2,3,2,2,1,0
9,234.4333333,0,0.0,20,590.5833333,0.025925926,0.040922619,0.0,0.0,7,2,2,7,1,2,0,0
0,0.0,0,0.0,30,1184.5,0.006666667,0.048333333,0.0,0.6,6,4,2,1,1,2,0,0
1,6.0,2,15.0,19,512.0666667,0.00952381,0.033333333,0.0,0.0,6,2,2,1,4,2,0,0
9,194.4166667,2,20.0,11,1569.166667,0.013333333,0.028666667,18.80505,0.0,6,3,2,7,6,2,0,0
0,0.0,0,0.0,33,777.1166667,0.0,0.015104167,0.0,0.0,7,2,2,6,2,0,1,0
0,0.0,0,0.0,19,801.5833333,0.010526316,0.035087719,0.0,1.0,6,1,1,1,2,2,1,0
0,0.0,0,0.0,33,1132.791667,0.009090909,0.047474747,0.0,0.0,1,4,1,3,1,2,0,0
1,6.0,0,0.0,44,2011.305556,0.0,0.012301587,0.0,0.0,7,2,2,1,3,2,0,0
1,35.0,0,0.0,13,233.1666667,0.0,0.016666667,0.0,0.0,6,1,1,5,4,2,0,0
8,237.5,4,142.0,30,1569.625,0.0,0.008108108,15.88906362,0.0,5,1,2,1,9,2,1,1
0,0.0,0,0.0,19,429.6333333,0.0,0.005263158,0.0,0.0,5,2,4,1,3,2,1,0
1,0.0,0,0.0,9,336.8833333,0.0,0.04,30.21969637,0.0,9,1,2,6,4,2,0,1
1,0.0,3,62.4,23,708.1666667,0.0,0.007407407,0.0,0.0,9,2,2,6,4,2,0,0
